item,itemLabel,party,partyLabel,area,areaLabel,startDate,endDate,gender
Q35538989,ABDUKADIR RAHIS,Q4729266,All Progressives Congress,,"Maiduguri (Metropolitan), Borno State",,,
Q35538256,ABDUL-MALIK ZUBAIRU,Q4729266,All Progressives Congress,,"Bungudu/Maru, Zamfara State",,,
Q35537917,ABDULAHI FARUK,Q4729266,All Progressives Congress,,"B/Kebbi/Kalgo/Bunza, Kebbi State",,,
Q35538616,ABDULLAHI HASSAN,Q4729266,All Progressives Congress,,"Bagudo/Suru, Kebbi State",,,
Q35536424,ABDULLAHI MOHAMMED,Q4729266,All Progressives Congress,,"Kware/Wamakko, Sokoto State",,,male
Q35539653,ABDULMUMIN JIBRIN,Q4729266,All Progressives Congress,,"Bebeji/Kiru, Kano State",,,male
Q35538173,ABDULRAZAK NAMDAS,Q4729266,All Progressives Congress,,"Jada/Ganye/Mayo Belwa/Toungo, Adamawa State",,,
Q24668829,ABDUSSAMAD DASUKI,Q4729266,All Progressives Congress,,"Kebbe/Tambuwal, Sokoto State",,,male
Q35537367,ABUBAKAR AMUDA-KANNIKE,Q4729266,All Progressives Congress,,"Ilorin East/South, Kwara State",,,
Q35537514,ABUBAKAR DAHIRU,Q4729266,All Progressives Congress,,"Lafia/Obi, Nassarawa State",,,
Q35539437,ABUBAKAR LADO,Q4729266,All Progressives Congress,,"Gurara/Suleja/Tafa, Niger State",,,male
Q35537404,ABUBAKAR LAWAL,Q4729266,All Progressives Congress,,"Yola North/Yola South/Girei, Adamawa State",,,
Q35539394,ADAMS JAGABA,Q4729266,All Progressives Congress,,"Kachia/Kagarko, Kaduna State",,,
Q35539631,ADAMU GURAI,Q4729266,All Progressives Congress,,"Shira/Giade, Bauchi State",,,
Q35539342,ADAMU KAMALE,Q1551163,Peoples Democratic Party,,"Michika/Madagali, Adamawa State",,,
Q35538773,ADAMU MUHAMMADU,Q4729266,All Progressives Congress,,"Babura/Garki, Jigawa State",,,
Q35538144,ADAMU SALIHU,Q4729266,All Progressives Congress,,"BOSSO/PAIKORO, Niger State",,,
Q35539019,ADEBUTU OLADIPUPO,Q1551163,Peoples Democratic Party,,"Ikenne/Shagamu/Remo North, Ogun State",,,
Q23414656,ADEKOYA ADESEGUN,Q1551163,Peoples Democratic Party,,"Ijebu North/Ijebu East/Ogun Waterside, Ogun State",,,male
Q35539699,ADEKUNLE AKINLADE,Q4729266,All Progressives Congress,,"Egbado South and Ipokia, Ogun State",,,
Q35536640,ADEYEMI ADEPOJU,Q4729266,All Progressives Congress,,"Ibarapa East/Ido, Oyo State",,,male
Q35537951,ADO ALHASSAN,Q4729266,All Progressives Congress,,"Tudun-Wada/Doguwa, Kano State",,,male
Q35536189,ADO MUSA,Q4729266,All Progressives Congress,,"Gezawa/Gabasawa, Kano State",,,
Q35538290,AFE OLOWOOKERE,Q4729266,All Progressives Congress,,"Akure North/South, Ondo State",,,
Q35537263,AGBEDI YEITIEMONE,Q1551163,Peoples Democratic Party,,"Sagbama/Ekeremor, Bayelsa State",,,
Q35537143,AHMAD BABBA,Q4729266,All Progressives Congress,,"Kankia/Ingawa/Kusada, Katsina State",,,male
Q35539361,AHMED ABU,Q4729266,All Progressives Congress,,"Lavun/Mokwa/Edati, Niger State",,,
Q35536581,AHMED RUFAI,Q4729266,All Progressives Congress,,"Kaduna South, Kaduna State",,,male
Q35539987,AHMED YERIMA,Q4729266,All Progressives Congress,,"Misau/Dambam, Bauchi State",,,male
Q35537790,AISHATU DUKKU,Q4729266,All Progressives Congress,,"Dukku / Nafada, Gombe State",,,female
Q35538678,AISOWIEREN PATRICK,Q4729266,All Progressives Congress,,"Orhionmwon/Uhunmwode, Edo State",,,
Q35536361,AJA SAMSON,Q1551163,Peoples Democratic Party,,"Oju/Obi, Benue State",,,
Q35536789,AJAYI ADEYINKA,Q4729266,All Progressives Congress,,"Ife Federal Constituency, Osun State",,,
Q35536928,AJAYI AYANTUNJI,Q4729266,All Progressives Congress,,"Odo-Otin/Ifelodun/Boripe, Osun State",,,
Q35536199,AJIBOLA FAMUREWA,Q4729266,All Progressives Congress,,"Atakunmosa East/ Atakunmosa West/Ilesha East/, Osun State",,,
Q35538891,AKINJO VICTOR,Q1551163,Peoples Democratic Party,,"Eseodo/Ilaje, Ondo State",,,
Q35537233,AKINLAJA JOSEPH,Q1551163,Peoples Democratic Party,,"Ondo East/Ondo West, Ondo State",,,male
Q35539944,AKINLOYE BABAJIDE,Q4729266,All Progressives Congress,,"Eti-Osa, Lagos State",,,
Q35538581,AKINTOLA TAIWO,Q4729266,All Progressives Congress,,"Ona-Ara/Egbeda, Oyo State",,,
Q35539999,ALABI MOJEED,Q4729266,All Progressives Congress,,"Ede North,South/Egbedero/Ejigbo, Osun State",,,
Q35538787,ALAGBOSO JERRY,Q1551163,Peoples Democratic Party,,"Orlu/Oru East/Orsu, Imo State",,,male
Q35536386,ALBERT ADEOGUN,Q1551163,Peoples Democratic Party,,"Ife Central/East/North/South, Osun State",,,male
Q35536858,ALIYU AHMAN-PATEGI,Q4729266,All Progressives Congress,,"Edu/Moro/Patigi, Kwara State",,,
Q35536800,ALIYU DANLADI,Q4729266,All Progressives Congress,,"Zuru/Fakai/Sakaba/D/Wasagu, Kebbi State",,,
Q35537439,ALIYU MADAKI,Q4729266,All Progressives Congress,,"Dala, Kano State",,,male
Q35536888,AMINU ASHIRU,Q4729266,All Progressives Congress,,"Mani/Bindawa, Katsina State",,,
Q35539198,AMINU ISA,Q4729266,All Progressives Congress,,"Isa-Sabon-Birni, Sokoto State",,,
Q35540174,AMINU SHAGARI,Q4729266,All Progressives Congress,,"Shagari/Yabo, Sokoto State",,,
Q35539756,AMIRUDDIN TUKUR,Q4729266,All Progressives Congress,,"Bakori/Danja, Katsina State",,,male
Q35539127,ANAYO NNEBE,Q1551163,Peoples Democratic Party,,"Awka North/South, Anambra State",,,
Q35536761,ASABE BASHIR,Q4729266,All Progressives Congress,,"Damboa/Gwoza/Chibok, Borno State",,,female
Q35537324,ASADU PATRICK,Q1551163,Peoples Democratic Party,,"Nsukka/Igbo-Eze South, Enugu State",,,male
Q35539882,AWAJI-INOMBEK ABIANTE,Q1551163,Peoples Democratic Party,,"Andoni/Opobo/Nkoro, Rivers State",,,
Q35538667,AYEOLA ABAYOMI,Q4729266,All Progressives Congress,,"Ibeju-Lekki, Lagos State",,,
Q35539733,AYO OMIDIRAN,Q4729266,All Progressives Congress,,"Ayedaade/Irewole/Isokan, Osun State",,,female
Q35537883,AYUBA BADAMASI,Q4729266,All Progressives Congress,,"Dambatta/Makoda, Kano State",,,
Q35539162,AZUBOGU IFEANYI,Q1551163,Peoples Democratic Party,,"Nnewi North/South/Ekwusigo, Anambra State",,,
Q35538977,Abdullahi Garba,Q4729266,All Progressives Congress,,"Kontagora/Wushishi/Mariga/Masheg, Niger State",,,male
Q35537679,Abdullahi Mohammed,Q4729266,All Progressives Congress,,"Alabasu/Gaya/Ajingi, Kano State",,,
Q35537627,Abiodun Olasupo,Q4729266,All Progressives Congress,,"Iseyin/Itesiwaju/Kajola/Iwajowa, Oyo State",,,
Q35537416,Abubakar Adamu,Q4729266,All Progressives Congress,,"Shiroro/Rafi/Munya, Niger State",,,
Q35538265,Adabah Christian,Q1551163,Peoples Democratic Party,,"Ado/Obadigbo/Opkokwu, Benue State",,,
Q35537977,Adewale Oluwatayo,Q4729266,All Progressives Congress,,"Ifako-Ijaiye, Lagos State",,,
Q35538185,Agom Jarigbe,Q1551163,Peoples Democratic Party,,"Ogoja/Yala, Cross River State",,,
Q35537989,Akinyede Awodumila,Q1551163,Peoples Democratic Party,,"Emure/Gbonyin/Ekiti East, Ekiti State",,,
Q35539491,Ali Isa,Q1551163,Peoples Democratic Party,,"Balanga/Billiri, Gombe State",,,
Q35538626,Aliyu Muktar,Q4729266,All Progressives Congress,,"Biu/Bayo/Shani/Kwaya Kusar, Borno State",,,
Q35536262,Angulu Zakari,Q4729266,All Progressives Congress,,"Kuje/Abaji/Gwagwalada/Kwali, Federal Capital Territory State",,,
Q35539140,Awulu Adaji,Q1551163,Peoples Democratic Party,,"Otukpo/Ohimini, Benue State",,,
Q35540096,Ayodeji Joseph,Q4729266,All Progressives Congress,,"Apapa, Lagos State",,,
Q35539224,BABANGIDA IBRAHIM,Q4729266,All Progressives Congress,,"MalumFashi/Kafur, Katsina State",,,
Q35537550,BABATUNDE KOLAWOLE,Q4729266,All Progressives Congress,,"Akoko South East/South West, Ondo State",,,
Q35537605,BADERINWA BAMIDELE WHITE,Q4729266,All Progressives Congress,,"Idanre/Ifedore, Ondo State",,,
Q35538879,BALA YUSUF,Q4729266,All Progressives Congress,,"Ikara/Kubau, Kaduna State",,,
Q35539511,BALARABE ABDULLAHI,Q4729266,All Progressives Congress,,"Gwadabawa / Illela, Sokoto State",,,
Q35538559,BASHIR BABALE,Q4729266,All Progressives Congress,,"Minjibir/Ungogo, Kano State",,,
Q35540213,BASSEY EWAH,Q1551163,Peoples Democratic Party,,"Yakurr/Abi, Cross River State",,,male
Q35536539,BELLO ABDULLAHI,Q4729266,All Progressives Congress,,"Okene/Ogori-Magogo, Kogi State",,,
Q35536524,BELLO SANI,Q4729266,All Progressives Congress,,"Mashi/Dvisi, Katsina State",,,
Q17385635,BENI LAR,Q1551163,Peoples Democratic Party,,"Langtang North/South, Plateau State",,,female
Q35537766,BINTA BELLO,Q1551163,Peoples Democratic Party,,"Kaltungo/Shongom, Gombe State",,,female
Q35538044,BOLAJI AYINLA,Q4729266,All Progressives Congress,,"Mushin II, Lagos State",,,
Q35536874,BULUS SOLOMON,Q1551163,Peoples Democratic Party,,"Mangu/Bokkos, Plateau State",,,
Q35538360,BUSAYO OKE,Q1551163,Peoples Democratic Party,,"Obokon/Oriade, Osun State",,,
Q35539804,Babajimi Benson,Q4729266,All Progressives Congress,,"Ikorodu, Lagos State",,,
Q56229522,Bauchi Tongo,Q4729266,All Progressives Congress,,"Gombe,kwami &Funakaye, Gombe State",,,male
Q27517391,Ben Nwankwo,Q1551163,Peoples Democratic Party,,"Orumba North/South, Anambra State",,,male
Q35536657,Betty Apiafi,Q1551163,Peoples Democratic Party,,"Ahoada-East/Abua/Odual, Rivers State",,,female
Q30643909,CHIDOKA OBINNA,Q1551163,Peoples Democratic Party,,"Idemili North/South, Anambra State",,,male
Q35538233,CHINDA OGUNDU,Q1551163,Peoples Democratic Party,,"Obio/Akpor, Rivers State",,,male
Q35538966,CHUKWUEMEKA ANOHU,Q1551163,Peoples Democratic Party,,"Ihiala, Anambra State",,,
Q22087359,CHUKWUEMEKA UJAM,Q1551163,Peoples Democratic Party,,"Nkanu East/Nkanu West, Enugu State",,,male
Q35539769,CHUKWUKA ONYEMA,Q1551163,Peoples Democratic Party,,"Ogbaru, Anambra State",,,
Q35537391,CHUKWUKERE AUSTINE,Q4729266,All Progressives Congress,,"Ideato North /South, Imo State",,,
Q35536492,Chukwuma Nwazunku,Q1551163,Peoples Democratic Party,,"Ohaukwu/Ebonyi, Ebonyi State",,,
Q35539599,D Boma,Q1551163,Peoples Democratic Party,,"Asalga/Akulga, Rivers State",,,
Q35539932,DA'U MAGAJI,Q4729266,All Progressives Congress,,"Birnin-Kudu/Buji, Jigawa State",,,male
Q35538637,DANBURAM NUHU,Q4729266,All Progressives Congress,,"Kano Municipal, Kano State",,,
Q35537300,DAUDA KAKO ARE,Q4672709,ACCORD,,"Mushin I, Lagos State",,,male
Q35539466,DAYYABU AHMED,Q4729266,All Progressives Congress,,"Baure/Zango, Katsina State",,,
Q35536112,DEKOR DUMNAMENE,Q1551163,Peoples Democratic Party,,"Khana/Gokana, Rivers State",,,
Q35538727,DENNIS AMADI,Q1551163,Peoples Democratic Party,,"Ezeagu/Udi, Enugu State",,,male
Q19957516,DOGARA YAKUBU,Q4729266,All Progressives Congress,,"Bogoro/Dass/Tafawa Balewa, Bauchi State",,,male
Q56229557,DORATHY MATO,Q4729266,All Progressives Congress,,"Vandeikya/Konshisha, Benue State",,,female
Q35539386,DOUYE DIRI,Q1551163,Peoples Democratic Party,,"Yenagoa/Kolokuna/Opokuma, Bayelsa State",,,
Q35537718,Danladi Baido,Q1551163,Peoples Democratic Party,,"Lau/K/Lamido/Ardo-Kola, Taraba State",,,
Q35539317,Darlington Nwokocha,Q1551163,Peoples Democratic Party,,"Isiala Ngwa North/South, Abia State",,,
Q35538799,Dennis Agbo,Q1551163,Peoples Democratic Party,,"Igboeze North/Udenu, Enugu State",,,male
Q35538206,EBENYI KINGSLEY,Q1551163,Peoples Democratic Party,,"Enugu East/Isi-Uzo, Enugu State",,,
Q35536176,EDERIN IDISI,Q1551163,Peoples Democratic Party,,"Ethiope, Delta State",,,
Q35539522,EDIM ETA,Q1551163,Peoples Democratic Party,,"Calabar Munincipal/Odukpani, Cross River State",,,
Q35537842,EDWIN ANAYO,Q1551163,Peoples Democratic Party,,"Ezza North/Ishielu, Ebonyi State",,,male
Q35539838,EFFIONG DANIEL,Q1551163,Peoples Democratic Party,,"Akamkpa/Biase, Cross River State",,,male
Q35540024,EGWU EMMANUEL,Q1551163,Peoples Democratic Party,,"Idah/Ibaji/Igalamela/Ofu, Kogi State",,,
Q35536164,EHIOZUWA AGBONAYINMA,Q1551163,Peoples Democratic Party,,"Egor/Ikpoba-okha, Edo State",,,
Q20676550,EMERENGWA BONIFACE,Q1551163,Peoples Democratic Party,,"Ikwerre/ Emohua, Rivers State",,,male
Q35537174,EMMANUEL EKON,Q1551163,Peoples Democratic Party,,"Abak/Etim Ekpo/Ika, Akwa Ibom State",,,male
Q35536718,EMMANUEL UKOETE,Q1551163,Peoples Democratic Party,,"Ukanafun/Orukanam, Akwa Ibom State",,,
Q35537872,ENITAN BADRU,Q4729266,All Progressives Congress,,"Lagos Island I, Lagos State",,,
Q35538952,ESSIEN AYI,Q1551163,Peoples Democratic Party,,"Akpabuyo/Bakassi/Calabar South, Cross River State",,,
Q35540047,EVELYN OMAVOWAN,Q1551163,Peoples Democratic Party,,"Opke/Sapele/Uvwie, Delta State",,,female
Q35523709,Eke Bede,Q1551163,Peoples Democratic Party,,"Aboh Mbaise/Ngor Okpala, Imo State",,,male
Q35538569,Emeka Idu,Q1551163,Peoples Democratic Party,,"Onitsha North/South, Anambra State",,,
Q35538315,Emmanuel Akpan,Q1551163,Peoples Democratic Party,,"Ikot Ekpene/ Essien Udim/ Obot Akara, Akwa Ibom State",,,
Q35539790,Emmanuel Ombugadu,Q1551163,Peoples Democratic Party,,"Akwanga/Nasarawa Eggon/Wamba, Nassarawa State",,,male
Q35536478,Eucharia Okwunna,Q1551163,Peoples Democratic Party,,"Aguta, Anambra State",,,
Q35539429,FAKEYE OLUFEMI,Q4729266,All Progressives Congress,,"Boluwaduro/Ifedayo/Illa, Osun State",,,
Q35536127,FALEKE ABIODUN,Q4729266,All Progressives Congress,,"Ikeja, Lagos State",,,male
Q35538715,FARUK MUHAMMADU,Q4729266,All Progressives Congress,,"Bida/Gbako/Katcha, Niger State",,,
Q35540198,FIJABI AKINADE,Q4729266,All Progressives Congress,,"Ibadan North West/South West, Oyo State",,,male
Q35538997,FRANCIS UDUYOK,Q1551163,Peoples Democratic Party,,"Ikot Abasi/Mkpat Enin/Eastern Obolo, Akwa Ibom State",,,
Q35539282,Fulata Abubakar,Q4729266,All Progressives Congress,,"Birniwa/Guri/Kiri-Kasamma, Jigawa State",,,
Q35540061,GABRIEL ONYENWIFE,Q4729271,All Progressives Grand Alliance,,"Oyi/Ayamelum, Anambra State",,,male
Q35536774,GAFARU AKINTAYO,Q4729266,All Progressives Congress,,"Ayedire/Iwo/Ola-Oluwa, Osun State",,,
Q35536916,GARBA AHMED,Q4729266,All Progressives Congress,,"Bichi, Kano State",,,male
Q35540036,GARBA MOHAMMED,Q4729266,All Progressives Congress,,"Gwale, Kano State",,,
Q35539118,GARBA MUHAMMAD,Q4729266,All Progressives Congress,,"Sabon Gari, Kaduna State",,,
Q35539970,GARBA UMAR,Q4729266,All Progressives Congress,,"Sumaila/Takai, Kano State",,,
Q35539816,GAZA GBEFWI,Q1551163,Peoples Democratic Party,,"KARU/KEFFI/KOKONA, Nassarawa State",,,male
Q35538496,GOGO TAMUNO,Q1551163,Peoples Democratic Party,,"Okrika/Ogu-Bolo, Rivers State",,,male
Q35538123,GONI BUKAR,Q4729266,All Progressives Congress,,"Bursari/Geidam/Yunusari, Yobe State",,,
Q35538195,GOODLUCK OPIAH,Q1551163,Peoples Democratic Party,,"Oguta/Ohaji-Egbema/Oru West, Imo State",,,
Q35539553,Garba Sabo,Q1551163,Peoples Democratic Party,,"Nangere/Potiskum, Yobe State",,,
Q35537705,Gideon Gwani,Q1551163,Peoples Democratic Party,,"Kaura, Kaduna State",,,
Q35536955,Gumau Yahaya,Q4729266,All Progressives Congress,,"Toro, Bauchi State",,,male
Q35538350,HAMMAN-JULDE GARBA,Q4729266,All Progressives Congress,,"Bali/Gassol, Taraba State",,,
Q35538702,HASSAN ABUBAKAR III,Q4729266,All Progressives Congress,,"Sokoto North/Sokoto South, Sokoto State",,,
Q35540105,HASSAN ADAMU,Q4729266,All Progressives Congress,,"Birnin-Gwari/Giwa, Kaduna State",,,
Q35539072,HASSAN SALEH,Q4729266,All Progressives Congress,,"Ado/Obadigbo/Opkokwu, Benue State",,,male
Q35536408,HENRY ARCHIBONG,Q1551163,Peoples Democratic Party,,"Itu/Ibiono Ibom, Akwa Ibom State",,,male
Q35539780,HENRY NWAWUBA,Q1551163,Peoples Democratic Party,,"Mbaitolu/ikeduru, Imo State",,,male
Q35536614,HERMAN HEMBE,Q4729266,All Progressives Congress,,"Vandeikya/Konshisha, Benue State",,,male
Q35536806,Hassan Omale,Q4729266,All Progressives Congress,,"Ankpa/Omala/Olamaboro, Kogi State",,,
Q35537221,Husaini Abubakar,Q4729266,All Progressives Congress,,"Zurmi/Shinkafi, Zamfara State",,,
Q35536240,Husseni Suleiman,Q4729266,All Progressives Congress,,"Arewa/Dandi, Kebbi State",,,
Q35537164,IBORO EKANEM,Q1551163,Peoples Democratic Party,,"Ikono/ Ini, Akwa Ibom State",,,
Q35538057,IBRAHIM ABDULLAHI,Q4729266,All Progressives Congress,,"Dutse/Kiyawa, Jigawa State",,,male
Q35536456,IBRAHIM DANMAZARI,Q4729266,All Progressives Congress,,"Musawa/Matazu, Katsina State",,,male
Q35539979,IDAGBO OCHIGLEGOR,Q1551163,Peoples Democratic Party,,"Bekwarra/Obudu/Obanliku, Cross River State",,,
Q35537462,IDUMA IGARIWEY,Q1551163,Peoples Democratic Party,,"Afikpo North/Afikpo South, Ebonyi State",,,
Q35539133,IKANI OKOLO,Q4729266,All Progressives Congress,,"Dekina/Bassa, Kogi State",,,
Q35523688,IOREMBER WAYO,Q4729266,All Progressives Congress,,"Kwande/Ushongo, Benue State",,,
Q35538438,IROM MICHAEL,Q1551163,Peoples Democratic Party,,"Obubra/Etung, Cross River State",,,male
Q35539482,ISA MOHAMMED,Q4729266,All Progressives Congress,,"Jamaâ€™are/Itas-Gadau, Bauchi State",,,
Q35539108,ISA SALIHU,Q4729266,All Progressives Congress,,"Gudu/Tangaza, Sokoto State",,,
Q35536754,ISAH MURTALA,Q4729266,All Progressives Congress,,"Kankara/Sabuwa/Faskari, Katsina State",,,
Q35537853,Ibrahim Baba,Q4729266,All Progressives Congress,,"Katagum, Bauchi State",,,male
Q35539721,Ibrahim Isiaka,Q4729266,All Progressives Congress,,"Ifo/Ewekoro, Ogun State",,,male
Q35537731,Idris Ahmed,Q4729266,All Progressives Congress,,"Wase, Plateau State",,,
Q35537062,Igbokwe Nnanna,Q1551163,Peoples Democratic Party,,"Ahiazu Mbaise/Ezinihitte, Imo State",,,
Q35538903,Ismaila Gadaka,Q4729266,All Progressives Congress,,"Fika/Fune, Yobe State",,,
Q35538372,Ismaila Hassan,Q4729266,All Progressives Congress,,"Akko Federal Constituency, Gombe State",,,
Q35540252,Istifanus Gyang,Q1551163,Peoples Democratic Party,,"Barkin Ladi/Riyom, Plateau State",,,
Q35538738,JACOBSON BARINEKA,Q1551163,Peoples Democratic Party,,"Tai/Eleme/Oyigbo, Rivers State",,,
Q35539530,JEPHTHAH FOINGHA,Q1551163,Peoples Democratic Party,,"Brass/Nembe, Bayelsa State",,,
Q35537895,JIBRIN SANTUMARI,Q4729266,All Progressives Congress,,"Askira-Uba/Hawul, Borno State",,,
Q35538019,JIBRIN SATUMARI,Q4729266,All Progressives Congress,,"Jos South/East, Plateau State",,,
Q35536314,JIMOH ABDUL,Q4729266,All Progressives Congress,,"Lagos Mainland, Lagos State",,,
Q35536249,JIMOH OJUGBELE,Q4729266,All Progressives Congress,,"Ado-Odo/Ota, Ogun State",,,
Q25938875,JOAN MRAKPOR,Q1551163,Peoples Democratic Party,,"Aniocha North/Aniocha South/ Oshimili N & S, Delta State",,,female
Q16194615,JOHN DYEGH,Q4729266,All Progressives Congress,,"Gboko/Tarka, Benue State",,,male
Q35537828,JONES ONYERERI,Q1551163,Peoples Democratic Party,,"Isu/Njaba/Nkwerre/Nwangele, Imo State",,,
Q56229525,JOSEPH BAMGBOSE,Q4729266,All Progressives Congress,,"Badagry, Lagos State",,,male
Q35536375,JOSEPH EDIONWELE,Q1551163,Peoples Democratic Party,,"Esan Central/West/Igueben, Edo State",,,male
Q35536561,Jerome Eke,Q1551163,Peoples Democratic Party,,"Etche/Omuma, Rivers State",,,male
Q35539352,Jika Haliru,Q4729266,All Progressives Congress,,"Darazo/Gunjuwa, Bauchi State",,,
Q35537616,Johnbull Shekarau,Q1551163,Peoples Democratic Party,,"Mikang/Quan.Pan/Shendam, Plateau State",,,male
Q35536282,Johnson Oghuma,Q4729266,All Progressives Congress,,"Etsako East/West/Central, Edo State",,,
Q35536987,KABIR SHAIBU,Q4729266,All Progressives Congress,,"Rimi/Charanchi/Batagarawa, Katsina State",,,
Q35540130,KABIRU ACHIDA,Q4729266,All Progressives Congress,,"Wurno/Rabah, Sokoto State",,,
Q22005748,KAYODE OLADELE,Q4729266,All Progressives Congress,,"Imeko Afon/Egbado North, Ogun State",,,male
Q35539099,KENNETH CHIKERE,Q1551163,Peoples Democratic Party,,"Port Harcourt 1, Rivers State",,,male
Q18129932,KHADIJA BUKAR .A.,Q4729266,All Progressives Congress,,"Damaturu/Gujba/Gulani/Tarmuwa, Yobe State",,,female
Q35536498,KHAMISU AHM AHMED,Q4729266,All Progressives Congress,,"Gombe,kwami &Funakaye, Gombe State",,,
Q35538940,KWAMOTI LAORI,Q7550561,Social Democratic Party,,"Demsa/Numan/Lamurde, Adamawa State",,,
Q35536512,Kehinde Agboola,Q1551163,Peoples Democratic Party,,"Ikole/Oye, Ekiti State",,,
Q35538080,Kurmi Gashaka,Q1551163,Peoples Democratic Party,,"Gashaka/Kurmi/Sardauna, Taraba State",,,
Q35538337,LAM ADEDAPO,Q4729266,All Progressives Congress,,"Ibadan North- East/South- East, Oyo State",,,male
Q35539474,LAWAL B/TUDU,Q4729266,All Progressives Congress,,"Gummi/Bukkuyum, Zamfara State",,,
Q35540012,LAWALI HASSAN,Q4729266,All Progressives Congress,,"Anka/Mafara, Zamfara State",,,
Q35537449,LAZARUS OGBEE,Q1551163,Peoples Democratic Party,,"Ikwo/Ezza South, Ebonyi State",,,
Q35539892,MAHHUD MAINA,Q4729266,All Progressives Congress,,"Dikwa/Mafaf/Konduga, Borno State",,,
Q35536081,MALLAM GANA,Q4729266,All Progressives Congress,,"Kukawa/Mobbar/Abadam/Guzamalai, Borno State",,,
Q35538548,MALLE AMINU,Q4729266,All Progressives Congress,,"Jalingo/Yorro/Zing, Taraba State",,,
Q35538405,MARK GBILLAH,Q4729266,All Progressives Congress,,"Gwer East/Gwer West, Benue State",,,male
Q35538328,MAYOWA AKINFOLARIN,Q1551163,Peoples Democratic Party,,"Ileoluji-Okeibo/Odigbo, Ondo State",,,male
Q35539046,MOHAMMED GARBA,Q4729266,All Progressives Congress,,"Gamawa, Bauchi State",,,male
Q35537251,MOHAMMED MAHMUD,Q4729266,All Progressives Congress,,"Agaie/Lapai, Niger State",,,male
Q35538857,MOHAMMED MONGUNO,Q4729266,All Progressives Congress,,"Jere, Borno State",,,male
Q35539368,MOHAMMED ONAWO,Q1551163,Peoples Democratic Party,,"Awe/Doma/Keana, Nassarawa State",,,male
Q35539248,MOHAMMED SANDA,Q4729266,All Progressives Congress,,"Kaga/Gubio/Magumeri, Borno State",,,male
Q35539853,MOHAMMED ZAKARI,Q4729266,All Progressives Congress,,"Baruten/Kaiama, Kwara State",,,male
Q42563987,MPIGI BARINADA,Q4729266,All Progressives Congress,,"Tai/Eleme/Oyigbo, Rivers State",,,male
Q35539610,MUHAMMAD ABDU,Q4729266,All Progressives Congress,,"Alkaleri/Kirfi, Bauchi State",,,male
Q35539092,MUHAMMAD ABUBAKAR,Q4729266,All Progressives Congress,,"Igabi, Kaduna State",,,male
Q35540150,MUHAMMAD BOYI,Q4729271,All Progressives Grand Alliance,,"Ringim/Taura, Jigawa State",,,male
Q35539569,MUHAMMAD JEGA,Q4729266,All Progressives Congress,,"Gwandu/Aliero/Jega, Kebbi State",,,male
Q35538383,MUHAMMAD SOBA,Q4729266,All Progressives Congress,,"Soba, Kaduna State",,,male
Q35539272,MUHAMMAD USMAN,Q4729266,All Progressives Congress,,"Makarfi/Kudan, Kaduna State",,,male
Q35540184,MUHAMMADU MUKTAR,Q4729266,All Progressives Congress,,"Kura/Madobi/Garun Malam, Kano State",,,male
Q35539419,MUHAMMED ALI,Q4729266,All Progressives Congress,,"Wudil/Garko, Kano State",,,male
Q35538247,MUHAMMED GUDAJI,Q4729266,All Progressives Congress,,"Kazaure/Roni/Gwiwa/Yankwashi, Jigawa State",,,male
Q35538276,MUHAMMED IDIRISU,Q4729266,All Progressives Congress,,"Ajaokuta, Kogi State",,,male
Q35537862,MUKAILA KASSIM,Q4729266,All Progressives Congress,,"Abeokuta North/ Obafemi- Owode/Odeda, Ogun State",,,
Q35537964,MUNIR DANAGUNDI,Q4729266,All Progressives Congress,,"Kumbosto, Kano State",,,
Q35537474,MUNTARI DANDUTSE,Q4729266,All Progressives Congress,,"Funtua/Dandume, Katsina State",,,
Q35539686,MUSA SARKIN,Q4729266,All Progressives Congress,,"Goronyo/Gada, Sokoto State",,,
Q35539376,MUSTAPHA BALA,Q4729266,All Progressives Congress,,"Dawakin Kudu/Warawa, Kano State",,,male
Q35539745,MUTIU SHADIMU,Q1551163,Peoples Democratic Party,,"Oshodi-Isolo I, Lagos State",,,
Q35537276,Marshal Sunday,Q1551163,Peoples Democratic Party,,"Zangon Kataf/Jaba, Kaduna State",,,
Q35539919,Memga Emmanuel,Q1551163,Peoples Democratic Party,,"Katsina-Ala/Ukum/Logo, Benue State",,,
Q35539620,Mohammed Danlami,Q4729266,All Progressives Congress,,"Dutsin-ma/Kurfi, Katsina State",,,male
Q35538300,Mohammed Sani,Q4729266,All Progressives Congress,,"Rano/Bunkure/Kibiya, Kano State",,,male
Q35536212,Muhammed Ajanah,Q4729266,All Progressives Congress,,"Adavi/Okehi, Kogi State",,,male
Q35538097,NASIRU ILA,Q4729266,All Progressives Congress,,"Tarauni, Kano State",,,male
Q6967190,NASIRU SULE,Q4729266,All Progressives Congress,,"Gwarzo/Ikabo, Kano State",,,male
Q35538136,NASSIR ALI,Q4729266,All Progressives Congress,,"Nassarawa, Kano State",,,
Q35536398,NGORO AGIBE,Q1551163,Peoples Democratic Party,,"Ikom/Boki, Cross River State",,,
Q35540082,NICHOLAS OSSAI,Q1551163,Peoples Democratic Party,,"Ndokwa/Ukwani, Delta State",,,male
Q35537802,NICHOLAS SHEHU,Q1551163,Peoples Democratic Party,,"Jemaa/Sanga, Kaduna State",,,male
Q35536848,NSE EKPENYONG,Q1551163,Peoples Democratic Party,,"Oron/Mbo/Okobo/UrueOffong/Oruko/Udung-Uko, Akwa Ibom State",,,
Q35538688,NSIEGBE IBIBA,Q1551163,Peoples Democratic Party,,"Port Harcourt 2, Rivers State",,,
Q35536465,NWOKOLO VICTOR,Q1551163,Peoples Democratic Party,,"Ika, Delta State",,,
Q35538029,Nicholas Mutu,Q1551163,Peoples Democratic Party,,"Bomadi/Patani, Delta State",,,male
Q35538106,Nkem Uzoma,Q1551163,Peoples Democratic Party,,"Ukwa East/Ukwa West, Abia State",,,
Q35536271,Nnenna Elendu,Q1551163,Peoples Democratic Party,,"Bende, Abia State",,,female
Q35538841,O.PALLY IRIASE,Q4729266,All Progressives Congress,,"Owan West/East, Edo State",,,
Q35538458,ODENEYE OLUSEGUN,Q4729266,All Progressives Congress,,"Ijebu Ode/Odogbolu/Ijebu North East, Ogun State",,,
Q35536740,OFONGO HENRY,Q1551163,Peoples Democratic Party,,"Southern Ijaw, Bayelsa State",,,male
Q35538117,OGBEIDE-IHAMA OMOREGIE,Q1551163,Peoples Democratic Party,,"Oredo, Edo State",,,
Q35537339,OGHENE EMMANUEL,Q1551163,Peoples Democratic Party,,"Amuwo Odofin, Lagos State",,,
Q35538510,OGOR OKUWEH,Q1551163,Peoples Democratic Party,,"Isoko North/South, Delta State",,,male
Q35540141,OGUNWUYI SEGUN,Q4729266,All Progressives Congress,,"Ogbomosho/North/South/Orire, Oyo State",,,
Q35536547,OHIOZOJEH AKPATASON,Q4729266,All Progressives Congress,,"Akoko-Edo, Edo State",,,
Q35536601,OKAFOR JOHN,Q4729266,All Progressives Congress,,"Ehimembano/ihitte Uboma/Obowo, Imo State",,,male
Q35536681,OLAJIDE OLATUBOSUN,Q4729266,All Progressives Congress,,"Atisbo/Saki East/Saki West, Oyo State",,,
Q35539457,OLAMIDE ONI,Q1551163,Peoples Democratic Party,,"Ijero/Ekiti West/Efon, Ekiti State",,,
Q35538647,OLARINOYE OLAYONU,Q4729266,All Progressives Congress,,"Offa/Oyun/Ifelodun, Kwara State",,,
Q35538484,OLUFEMI ADEBANJO,Q4729266,All Progressives Congress,,"Alimosho, Lagos State",,,
Q5442793,OLUFEMI GBAJABIAMILA,Q4729266,All Progressives Congress,,"Surulere I, Lagos State",,,male
Q35539642,OLUFUNKE ADEDOYIN,Q4729266,All Progressives Congress,,"Ekiti/Isin/Irepodun/Oke-ero, Kwara State",,,
Q35537188,OLUGBENGA AYODE,Q4729266,All Progressives Congress,,"Ibarapa Central/Ibarapa North, Oyo State",,,
Q35539032,OLUSEGUN ODEBUNMI,Q1551163,Peoples Democratic Party,,"Ogo-oluwa, Oyo State",,,
Q35538448,OLUSUNBO SAMSON,Q4729266,All Progressives Congress,,"Oluyole Local Govt., Oyo State",,,
Q35539236,OLUWAROTIMI AGUNSOYE,Q4729266,All Progressives Congress,,"Kosofe, Lagos State",,,
Q35536416,OMAR TATA,Q4729266,All Progressives Congress,,"Zaki, Bauchi State",,,male
Q22279489,OMOSEDE IGBINEDION,Q1551163,Peoples Democratic Party,,"Ovia South/West-Ovia North/East, Edo State",,,female
Q35539187,ONINUBUARIRI OBINNA,Q1551163,Peoples Democratic Party,,"Isiala Mbano/Okigwe/Onuimo, Imo State",,,
Q35538657,ONWANA MUSA,Q4729266,All Progressives Congress,,"Nasarawa/Toto, Nassarawa State",,,
Q35539083,ONYEJEOCHA NKEIRUKA,Q1551163,Peoples Democratic Party,,"Isuikwato/Umunneochi, Abia State",,,female
Q35536692,ONYEWUCHI EZENWA,Q4729271,All Progressives Grand Alliance,,"Owerri Municipal/Owerri North/West, Imo State",,,
Q35539499,ORKER-JEV YISA,Q4729266,All Progressives Congress,,"Buruku, Benue State",,,
Q35537669,OWOIDIGHE EKPOATAI,Q1551163,Peoples Democratic Party,,"Eket/Onna/Esit Eket/Ibeno, Akwa Ibom State",,,
Q35536833,OYEWOLE DIYA,Q4729266,All Progressives Congress,,"Somolu, Lagos State",,,
Q35537499,Ochepo Adamu,Q1551163,Peoples Democratic Party,,"Apa/Agatu, Benue State",,,
Q35536141,Okechukwu Eze,Q1551163,Peoples Democratic Party,,"Anaocha/Njikoka/Dunukofia, Anambra State",,,
Q35539330,Okon Michael,Q1551163,Peoples Democratic Party,,"Uyo/Uruan/Nsit Ata/Ibeskip Asutan, Akwa Ibom State",,,male
Q35539863,Olabode Ayorinde,Q4729266,All Progressives Congress,,"Owo/Ose, Ondo State",,,
Q35537572,Olemija Stephen,Q4729266,All Progressives Congress,,"Akoko North East/West, Ondo State",,,
Q35537380,PHILIP AHMAD,Q4729266,All Progressives Congress,,"Guyuk/Shelleng, Adamawa State",,,male
Q28606434,PHILIP SHAIBU,Q4729266,All Progressives Congress,,"Etsako East/West/Central, Edo State",,,male
Q35536670,PRESTIGE OSSY,Q4729271,All Progressives Grand Alliance,,"Aba North/South, Abia State",,,male
Q35537928,PWAJOK GYANG,Q4729266,All Progressives Congress,,"Jos South/East, Plateau State",,,
Q35540267,Peter Madubueze,Q4729266,All Progressives Congress,,"Anambra East/West, Anambra State",,,male
Q35537315,RAZAK ATUNWA,Q4729266,All Progressives Congress,,"Asa/Ilorin West, Kwara State",,,
Q35536730,RIMAMNDE KWEWUM,Q1551163,Peoples Democratic Party,,"Donga/Ussa/Takum/Special Area, Taraba State",,,
Q35536630,RITA ORJI,Q1551163,Peoples Democratic Party,,"Ajeromi-Ifelodun, Lagos State",,,female
Q35536324,Rabiu Garba,Q4729266,All Progressives Congress,,"Mallam Madori/Kaugama, Jigawa State",,,
Q35538089,Randolph Brown,Q1551163,Peoples Democratic Party,,"Degema/Bonny, Rivers State",,,
Q35539590,SAADU NABUNKAN,Q4729266,All Progressives Congress,,"Binji/Silame, Sokoto State",,,
Q35538396,SADIQ IBRAHIM,Q4729266,All Progressives Congress,,"Fufore/Song, Adamawa State",,,
Q35539560,SALISU KOKO,Q4729266,All Progressives Congress,,"Maiyama/Koko/Besse, Kebbi State",,,
Q28051589,SAMAILA SULEIMAN,Q4729266,All Progressives Congress,,"Kaduna North, Kaduna State",,,male
Q35540228,SAMUEL IKON,Q1551163,Peoples Democratic Party,,"Etinan/Nsit Ibom/Nsit Ubium, Akwa Ibom State",,,male
Q35539661,SAMUEL ONUIGBO,Q1551163,Peoples Democratic Party,,"Ikwuano/Umuahia North/South, Abia State",,,male
Q35538158,SAMUEL WILLIAM,Q4729266,All Progressives Congress,,"Abeokuta South, Ogun State",,,male
Q35539057,SANI AMINU,Q4729266,All Progressives Congress,,"Kaura Namoda/Birnin Magaji, Zamfara State",,,
Q35537589,SANI DAURA,Q4729266,All Progressives Congress,,"Baure/Zango, Katsina State",,,
Q35536336,SANI SAIDU,Q4729266,All Progressives Congress,,"Daura/Sandamu/MaiAdua, Katsina State",,,male
Q35537904,SANI UMAR,Q4729266,All Progressives Congress,,"Tsanyawa/Kunchi, Kano State",,,
Q35538605,SEGUN ADEKOLA,Q1551163,Peoples Democratic Party,,"Ekiti South West/Ikere/Ise/Orun, Ekiti State",,,
Q35539674,SERGIUS OGUN,Q1551163,Peoples Democratic Party,,"Esan North-East/Esan South- East, Edo State",,,
Q35537536,SHEHU ALIYU,Q4729266,All Progressives Congress,,"Bodinga/Dange-Shuni/Tureta, Sokoto State",,,
Q35537290,SHEHU SALEH,Q4729266,All Progressives Congress,,"Magama/Rijau, Niger State",,,
Q35537487,SHOYINKA OLATUNJI,Q1551163,Peoples Democratic Party,,"Surulere II, Lagos State",,,
Q35539827,SIMON ARABO,Q1551163,Peoples Democratic Party,,"Kauru, Kaduna State",,,
Q35538817,SODAGUWO FESTUS-OMONI,Q1551163,Peoples Democratic Party,,"Ogbia, Bayelsa State",,,
Q35539303,SOPULUCHUKWU EZEONWUKA,Q1551163,Peoples Democratic Party,,"Orumba North/South, Anambra State",,,
Q35537561,STELLA NGWU,Q1551163,Peoples Democratic Party,,"Igbo-Etiti/Uzo-Uwani, Enugu State",,,female
Q35539447,SULAIMAN ROMO,Q4729266,All Progressives Congress,,"Bagwai/Shanono, Kano State",,,
Q35537692,SULEIMAN AMINU,Q4729266,All Progressives Congress,,"Fagge, Kano State",,,male
Q35536223,SUNDAY KARIMI,Q1551163,Peoples Democratic Party,,"Yagba East/Yagba West/Mopa-muro, Kogi State",,,
Q35536706,SUNDAY OLADIMEJI,Q1551163,Peoples Democratic Party,,"Ado Ekiti/Irepodun-Ifelodun, Ekiti State",,,
Q35539906,SYLVESTER OGBAGA,Q1551163,Peoples Democratic Party,,"Abakaliki/Izzi, Ebonyi State",,,male
Q35536302,Sani Mohammed,Q4729266,All Progressives Congress,,"Gumel/Maigatari/Sule Tankarkar/Gagarawa, Jigawa State",,,
Q4727557,Shehu Musa,Q4729266,All Progressives Congress,,"Bauchi, Bauchi State",,,male
Q29834852,Shuaibu Abdulraman,Q4729266,All Progressives Congress,,"Mubi N/Mu S/Maiha, Adamawa State",,,male
Q35538524,Sidi Yakubu,Q4729266,All Progressives Congress,,"Machina/Nguru/Karasuwa/Yusufari, Yobe State",,,
Q35539211,Solomon Adaelu,Q1551163,Peoples Democratic Party,,"Obingwa/Osisioma/Ugbunagbo, Abia State",,,
Q35538592,Solomon Ahwinahwi,Q1551163,Peoples Democratic Party,,"Ughelli North/South/Udu, Delta State",,,
Q35538760,TAJUDEEN ABBAS,Q4729266,All Progressives Congress,,"Zaria Federal, Kaduna State",,,male
Q20685008,TAJUDEEN OBASA,Q1551163,Peoples Democratic Party,,"Ojo, Lagos State",,,male
Q35539008,TAOFEEK ADARANIJO,Q4729266,All Progressives Congress,,"Agege, Lagos State",,,
Q35537427,TARKIGHIN DICKSON,Q4729266,All Progressives Congress,,"Makurdi/Guma, Benue State",,,male
Q28839608,TEMITOPE OLATOYE,Q4729266,All Progressives Congress,,"Lagelu/Akinyele, Oyo State",,,male
Q35537777,THADDEUS AINA,Q1551163,Peoples Democratic Party,,"Ido/Osi, Moba/Ilejeme, Ekiti State",,,
Q35536093,TIJJANI ABDUL KADIR,Q4729266,All Progressives Congress,,"Dawakin-Tofa/Tofa/Rimin Gado, Kano State",,,male
Q35540072,TIMOTHY GOLU,Q1551163,Peoples Democratic Party,,"Pankshin/Kanke/Kanam, Plateau State",,,male
Q35536347,TOBY OKECHUKWU,Q1551163,Peoples Democratic Party,,"Aninri/Agwu/Oji-uzo, Enugu State",,,male
Q35537153,Talatu Yohanna,Q4729266,All Progressives Congress,,"Demsa/Numan/Lamurde, Adamawa State",,,
Q35536446,Tasir Raji,Q4729266,All Progressives Congress,,"Epe, Lagos State",,,
Q35538473,Tony Nwulu,Q1551163,Peoples Democratic Party,,"Oshodi-Isolo II, Lagos State",,,male
Q35538536,UCHECHIRUN NNAM-OBI,Q1551163,Peoples Democratic Party,,"Ahoada West/Ogba Egbema, Rivers State",,,
Q35536291,UMAR JIBRIL,Q1551163,Peoples Democratic Party,,"Lokoja/Kogi/KK, Kogi State",,,male
Q35538869,UMAR MUHAMMED,Q4729266,All Progressives Congress,,"Agwara/Borgu, Niger State",,,male
Q35536820,UMAR YAKUBU,Q1551163,Peoples Democratic Party,,"Chikum/Kajuru, Kaduna State",,,male
Q35537352,UMARU MOHAMMED,Q4729266,All Progressives Congress,,"Chanchaga, Niger State",,,male
Q35538221,USMAN IBRAHIM,Q4729266,All Progressives Congress,,"Hadejia/Kafin Hausa/Auyo, Jigawa State",,,
Q18618880,USMAN SHEHU,Q4729266,All Progressives Congress,,"Karaye/Rogo, Kano State",,,male
Q35536154,USMAN SHIDDI,Q4729271,All Progressives Grand Alliance,,"Ibi/Wukari, Taraba State",,,
Q35538931,Ugwuegede Ikechukwu,Q1551163,Peoples Democratic Party,,"Nsukka/Igbo-Eze South, Enugu State",,,
Q35539294,Uko Nkole,Q1551163,Peoples Democratic Party,,"Arochukwu/Ohafia, Abia State",,,
Q35537657,Uthman Munir,Q4729266,All Progressives Congress,,"Argungu/Augie, Kebbi State",,,
Q35539259,YAHAYA CHADO,Q4729266,All Progressives Congress,,"Bakura/Maradun, Zamfara State",,,
Q35539579,YAKUB BALOGUN,Q4729266,All Progressives Congress,,"Lagos Island II, Lagos State",,,
Q35539872,YAYAHA SULEIMAN,Q4729266,All Progressives Congress,,"Bassa/Jos North, Plateau State",,,male
Q35536941,YUNUSA ABUBAKAR,Q4729266,All Progressives Congress,,"Yamaltu-Deba, Gombe State",,,
Q35536436,YUSUF BUBA,Q4729266,All Progressives Congress,,"Hong/Gombi, Adamawa State",,,
Q23304614,YUSUF LASUN,Q4729266,All Progressives Congress,,"Irepodun/Olurunda/Osogbo/Orolu, Osun State",,,male
Q35539542,YUSUF SAIDU,Q4729266,All Progressives Congress,,"Jahun/Miga, Jigawa State",,,
Q35537204,YUSUF TAJUDEEN,Q1551163,Peoples Democratic Party,,"Kabba/Bunu/Ijumu, Kogi State",,,
Q35539407,Yusuf Tijani,Q1551163,Peoples Democratic Party,,"Okene/Ogori-Magogo, Kogi State",,,
Q35537940,ZAKARI SALISU,Q4729266,All Progressives Congress,,"Ningi/Warji, Bauchi State",,,
Q35538425,Zaphaniah Jisalo,Q1551163,Peoples Democratic Party,,"Abuja Municipal /Bwari, Federal Capital Territory State",,,
Q35540162,abiodun awoleye,Q4729266,All Progressives Congress,,"Ibadan North, Oyo State",,,
Q35537525,akeem adeyemi,Q4729266,All Progressives Congress,,"Afijio/Oyo East/Oyo West/ Atiba, Oyo State",,,
Q35540239,barambu kawuwa,Q4729266,All Progressives Congress,,"Akko, Gombe State",,,
Q35537755,chime oji,Q1551163,Peoples Democratic Party,,"Enugu North/South, Enugu State",,,
Q35537813,d. muhammad,Q4729266,All Progressives Congress,,"Yauri/Shanga/Ngaski, Kebbi State",,,
Q35540116,daniel reyenieju,Q1551163,Peoples Democratic Party,,"Warri, Delta State",,,male
Q35539149,galadima zakariya'u,Q4729266,All Progressives Congress,,"Bade/Jakusko, Yobe State",,,
Q35538416,hassan yuguda,Q4729266,All Progressives Congress,,"Gwaram, Jigawa State",,,
Q35537650,isah ibrahim,Q4729266,All Progressives Congress,,"Tsafe/Gusau, Zamfara State",,,
Q26896971,julius pondi,Q1551163,Peoples Democratic Party,,"Burutu, Delta State",,,male
Q35538916,"linus okorie,fca",Q1551163,Peoples Democratic Party,,"Ohaukwu/Ebonyi, Ebonyi State",,,
Q35538751,michael omobgehin,Q1551163,Peoples Democratic Party,,"Okitipupa/Irele, Ondo State",,,male
Q35539173,muhd lawal,Q4729266,All Progressives Congress,,"Lere, Kaduna State",,,
Q35537638,olatubosun oladele,Q4729266,All Progressives Congress,,"Olurunsogo/Oorelope, Oyo State",,,
Q35538828,shriff mohammed,Q4729266,All Progressives Congress,,"Bama/Ngala/Kalabalge, Borno State",,,
Q35536570,suleiman salisu,Q4729266,All Progressives Congress,,"Kaita/Jibia, Katsina State",,,male
