@@,name,party,constituency,psid
->,Abass Adekunle Adigun,PDP,Ibadan North East/Ibadan South East->Ibadan North- East/South- East,Q104531225-9C93C173-2F78-4976-81E5-21AC21462A27->NULL
->,Abbas Tajudeen,APC,Zaria->Zaria Federal,Q35538760-A77F6D23-370A-4F19-9E26-E70E61B9978D->NULL
->,Abdel-majid Adesegun Adekoya,PDP,Ijebu North/Ijebu East/Ogun Waterside,Q23414656-1F45E5B8-C981-4234-8272-4B4E4C7B9061->NULL
->,Abdul Olajide Jimoh,APC,Lagos Mainland,Q111141631-0CA799C2-83B0-437C-84C8-1F47A422A1E9->NULL
->,Abdulganiyu Saka Cook olododo,APC,Ilorin East/Ilorin South->Ilorin East/South,Q111141384-943C7803-B03D-47E8-BC79-A4458A0BE8A4->NULL
->,Abdulkadir Armayau,APC,Dutsin-ma/Kurfi,Q111141467-34D071DA-4706-42D1-9DD2-CBE3A54F3444->NULL
->,Abdulkadir Rahis,APC,Maiduguri (Metropolitan),Q111141422-981E609F-0589-41F2-90FF-0EBDBE39E5FC->NULL
---,Abdulkareem Usman Isah,APC,,Q111141429-F05BDF06-3428-46EA-904E-4A959AD3D4EF
->,Abdulkarim Usman,PDP,Akwanga/Nassarawa Eggon/Wamba->Akwanga/Nasarawa Eggon/Wamba,Q111141430-945053D8-E53C-4F40-9E07-98A03CFC7735->NULL
->,Abdullahi Balarabe Salame,APC,Illela/Gwadabawa->Gwadabawa / Illela,Q4666128-30B0B593-4EA1-40FF-800E-5A74B07DD985->NULL
->,Abdullahi Gaya Mahmud,APC,Alabasu/Gaya/Ajingi,Q104479987-76E21EC2-85AA-4035-BB65-C943C85B0304->NULL
->,Abdullahi Idris Garba,APC,Kontagora/Wushishi/Mariga/Mashegu->Kontagora/Wushishi/Mariga/Masheg,Q35538977-528CFA79-907C-491B-8E54-9CE05E551B69->NULL
->,Abdullahi Lawan Ken ken,APC,Gwale,Q111141571-B24F2B68-261B-4A2F-BD15-737D4CA686D7->NULL
->,Abdullahi Mamudu,APC,Agaie/Lapai,Q111141431-0A0220E7-C28D-49EF-8694-7BE3CB3598E3->NULL
->,Abdullahi Saad Abdulkadir,APC,Ningi/Warji,Q111141433-121A2DB3-18E0-4E0B-8F4A-83766DCD78B3->NULL
->,Abdulmumin Ari Mohammed,APC,Nassarawa/Toto->Nasarawa/Toto,Q111141434-7991C005-8D5C-4634-862B-522FFC0F6038->NULL
->,Abdulraheem Olatunji Olawuyi,APC,NULL->Ekiti/Isin/Irepodun/Oke-ero,Q105393512-BDABB97B-3A73-485F-810D-66FCC69A517A->NULL
->,Abdulrazak Sa'ad Namdas,APC->PDP,NULL->Jada/Ganye/Mayo Belwa/Toungo,Q35538173-B66E5307-D92E-49DA-8207-523E93F0DD71->NULL
->,Abdulsalam Gambo Mubarak,APC,Bali/Gassol,Q104521800-7D1B36B9-3321-490F-94FC-F0187CA4353B->NULL
->,Abiodun James Faleke,APC,Ikeja,Q78170274-0FD0D118-5E5C-43D5-8F1B-3B79D1936BC7->NULL
->,Abiola Peter Makinde,APC->SDP,Ondo East/Ondo West,Q77569924-3AC10C2C-F38F-49C9-A284-F06A6078DFC0->NULL
->,Abubakar Abdullai Ahmad,PDP,Sokoto North/Sokoto South,Q111141437-F8D8CA2E-F873-46FE-8CCE-55D395313C12->NULL
->,Abubakar Hassan Fulata,APC,NULL->Birniwa/Guri/Kiri-Kasamma,Q35539282-F00C90F0-74E5-4474-BABC-568039EAA7B6->NULL
->,Abubakar Hassan Nalaraba,APC,Awe/Doma/Keana,Q111141439-7B739097-B898-45A4-BCE4-B6C26795FA34->NULL
->,Abubakar Kabir Abubakar,APC,Bichi,Q104525030-6191D039-B76F-4BAC-AF4F-7934CAB79348->NULL
->,Abubakar Lado Abdullahi,APC,Gurara/Suleja/Tapa->Gurara/Suleja/Tafa,Q35539437-5EC76035-675E-4365-B5DA-BBCE55E89189->NULL
->,Abubakar Sarki Dahiru,APC,Lafia/Obi,Q35537514-EFEC8FB0-E8C5-4F59-8985-DD5A424EC2FD->NULL
->,Abubakar Yabo Umaru,APC,Yabo/Shagari->Shagari/Yabo,Q111141441-A1A12F0A-D4B0-4C79-B746-2FC5D677EEB6->NULL
->,Abubakar Yahaya Kusada,APC,Ingawa/Kankia/Kusada->Kankia/Ingawa/Kusada,Q104530957-FC29973D-DDF8-45FA-9F9E-79CA9EE95D28->NULL
->,Adaramodu Adeyemi Raphael,APC,NULL->Ekiti South West/Ikere/Ise/Orun,Q104530981-602C19D3-E55B-40C5-B13B-480AEDCF1FE2->NULL
->,Adebayo Olusegun Balogun,APC,NULL->Ibeju-Lekki,Q104531081-19F926D0-3643-45CB-8B79-51BF46B7ABA2->NULL
->,Adedeji Stanley Olajide,PDP,NULL->Ibadan North West/South West,Q111141444-D4FD6F9F-A1D3-4F01-9D09-003A3A29D2E4->NULL
->,Adejoro Adeogun,APC,Akoko South East/Akoko South West->Akoko South East/South West,Q111141446-50BAAA4A-764E-4DA4-9739-BA0A03CA5941->NULL
->,Adelegbe Emmanuel Oluwatimehin,APC,Owo/Ose,Q111141640-265431EF-8E45-4D7E-9613-18B97D0C6FBE->NULL
->,Adewale Oluyemi Taiwo,PDP,Ibarapa East/Ido,Q111141641-40E06D61-FE17-480E-9010-815737DA264B->NULL
->,Adewunmi Oriyomi Onanuga,PDP->APC,Ikenne/Shagamu/Remo North,Q96003761-DF095A53-2298-454A-8BD0-7D1356BD5AE3->NULL
->,Adeyemi Taofeek Alli,APC,Mushin I,Q111141449-504AD777-E987-409C-B762-6B343F05ED80->NULL
->,Ado Sani Kiri,APC,Ringim/Taura,Q111141450-70DB9D3D-F312-4624-A671-E43311165B94->NULL
+++,Agah Avia Musa,PDP,Bassa/Jos North,
->,Agbedi Yeitiemone Frederick,PDP,Sagbama/Ekeremor,Q79234960-B924EB51-68A8-4A33-A202-0B1791F51BFE->NULL
->,Ahmadu Usman Jaha,APC,Damboa/Gwoza/Chibok,Q111141452-7829342D-5D32-4E4B-A738-2EFD144363D1->NULL
->,Ahmed Bakura Muhammad,APC->PDP,Bakura/Maradun,Q111141454-8DEAA358-3C9D-4B11-A0B9-5499B07C6F8D->NULL
->,Ahmed Dayyabu Safana,APC,Batsari/Safana/Danmusa->Safana/Batsari/Dan-Musa,Q35539466-780C062C-B668-409E-8FAE-E5745595C2F9->NULL
->,Ahmed Idris Wase,APC,Wase,Q5261085-C24028A9-76C4-4C59-8D24-90762D1AF0E2->NULL
->,Ahmed Madaki Gololo->Mohammed Garba Gololo,PDP->APC,Gamawa,Q111141455-5C8FBE50-6D8D-4711-8977-51BFBC10A2E4->NULL
->,Ahmed Munir,APC,Lere,Q111141456-8B800E83-79E5-4CBD-9B80-2F379E4FC5E3->NULL
->,Ahmed Ndakene Abubakar,APC,Edu/Moro/Pategi->Edu/Moro/Patigi,Q111141453-CFBD0E84-6482-4A73-A4D9-76B0DF8846B4->NULL
->,Ahmed Shehu,APC->PDP,Bungudu/Maru,Q111141669-CB8B4569-8E1F-4C73-8B3A-F59D736E6CBA->NULL
->,Ahmed Usman Liman,APC,Matazu/Musawa->Musawa/Matazu,Q111141457-357102E0-3604-4A13-B7A1-1FCF9B89C1AA->NULL
->,Aishatu Jibril Dukku,APC,Dukku/Nafada->Dukku / Nafada,Q35537790-156D01E1-B28B-4C00-9BB3-3788F899CEAF->NULL
---,Aisowieren Patrick,APC,Orhionmwon/Uhunmwonde,Q35538678-F1EF2EC8-39B3-45D1-BC12-3776C52D90B8
---,Aja Samson,PDP,Oju/Obi,Q35536361-A89A07BA-689D-4DFF-81A3-91E131D9439F
->,Ajibola Saubana Muraina,PDP,Ibarapa Central/Ibarapa North,Q111141458-13A64220-EE9B-445D-B64E-43D7F17AD8F2->NULL
->,Akanni Enitan Dolapo-badru,APC,Lagos Island I,Q35537872-D7DA9076-7FD2-4B32-AFC6-409372BC3CE9->NULL
->,Akeem Adeniyi Adeyemi,APC,NULL->Afijio/Oyo East/Oyo West/ Atiba,Q35537525-700D198B-B117-4EA0-B8FF-F60697D94B4E->NULL
->,Akinola Adekunle Alabi,APC,Egbeda/Ona-Ara->Ona-Ara/Egbeda,Q19667180-A751E5F3-EC44-4F36-B00B-D81F95A25146->NULL
->,Akintola George Oluokun,APC,Akinyele/Lagelu->Lagelu/Akinyele,Q111141636-743F80CD-DCA7-4EE4-840F-318293760097->NULL
->,Alajagusi Abdulyekeen Sadiq,APC->PDP,NULL->Asa/Ilorin West,Q111141435-0CC8A75B-BBF7-4A42-94C6-D8374B3CBF77->NULL
->,Alex Egbona Egbona,APC->PDP,Yakurr/Abi,Q111141459-F9451F0E-1A46-4C2D-8879-950304ACF405->NULL
+++,Alhassan Ado Garba,APC,Tudun-Wada/Doguwa,
---,Alhassan Doguwa,APC,Doguwa/Tudun Wada,Q20740791-AB7D6395-A540-4DEC-8B12-2754F16DF3DE
---,Ali Datti-Yako,APC,Bebeji/Kiru,Q111141460-E2555D78-8F21-4557-A9D4-571DE5B23E09
->,Ali Ibrahim Abdullahi,APC,Ankpa/Omala/Olamaboro,Q107596091-EC0893EE-1145-403C-A352-9D65BFCF6255->NULL
->,Aliu Ademorin Kuye,APC,NULL->Somolu,Q111141447-AA8F404C-02E2-442A-9BB9-1CA69B0F915A->NULL
->,Aliyu Betara Muktar,APC,NULL->Biu/Bayo/Shani/Kwaya Kusar,Q35538626-50CF7079-F917-43F8-BAD7-7760807DC4BF->NULL
->,Aliyu Da'u Magaji,APC,Birnin Kudu/Buji->Birnin-Kudu/Buji,Q35539932-897F6F65-AAD2-4662-8731-033351200C97->NULL
->,Aminu Ashiru Mani,APC,Bindawa/Mani->Mani/Bindawa,Q35536888-3424DAC5-B5BB-46F8-84F4-502135DB035E->NULL
->,Aminu Suleiman,APC,Fagge,Q111141461-048F2334-D23E-43AC-8224-4251B919D600->NULL
---,Amiruddin Tukur,APC,Bakori/Danja,Q35539756-73568851-A6A5-4FF2-9BC4-1D40318711F1
->,Amos Gwamna Magaji,PDP->APC,Zangon Kataf/Jaba,Q111141465-E7E22721-0E69-48C3-845C-862601D13112->NULL
->,Anayo Edwin Nwonu,PDP,Ezza North/Ishielu,Q35537842-C59F1968-F13E-4018-B384-228A1CCB36FA->NULL
->,Aniekan John Umanah,PDP,Abak/Etim Ekpo/Ika,Q111141466-5BCDA6CA-A249-4811-ABEF-08A98BB3B3D4->NULL
->,Awaji-inombek Dagomie Abiante,PDP,NULL->Andoni/Opobo/Nkoro,Q35539882-5267D386-BCF6-4F6E-89B4-2C2082C53581->NULL
->,Ayeni Lawrence Babatunde,APC,NULL->Atakunmosa East/ Atakunmosa West/Ilesha East/,Q111141573-C17DFF20-ECAA-416C-96B9-B4A2AFA9DFAF->NULL
->,Babajimi Adegoke Benson,APC,Ikorodu,Q35539804-807B2B55-9FB5-48C8-A573-02787B7366CF->NULL
->,Babangida Alasan Abdallah,APC,Dala,Q111141470-44CB26C7-1163-428A-9756-DAB51AA4719F->NULL
->,Babangida Ibrahim,APC,Malumfashi/Kafur->MalumFashi/Kafur,Q35539224-98FADB2C-B8CA-441E-92E4-BB3D74CD2411->NULL
->,Babatunde Hunpe,APC,Badagry,Q97483725-EACF7511-AEE6-47AF-9B6D-A956E5DCA997->NULL
->,Badamasi Ayuba,APC,Dambatta/Makoda,Q35537883-7D069C47-7377-43E3-91ED-0CCD7C355C9E->NULL
->,Bala Kokani,APC,Kebbe/Tambuwal,Q111141471-61E4E223-C27D-4319-9267-4E60CD6D7D27->NULL
---,Balarabe Shehu Kakale,PDP,,Q109561665-D26A70F9-E959-4C1F-9881-4CC68E84601C
->,Bamidele Salam,APC->PDP,"NULL->Ede North,South/Egbedero/Ejigbo",Q111141472-7A49CC2E-CF36-418C-9A7C-BCF9A08A2FA6->NULL
->,Barde Umar Yakubu,PDP,Chikun/Kajuru->Chikum/Kajuru,Q28968135-05303E7F-15BE-41D4-9F0C-CD72CB06F643->NULL
->,Bashar Isah,APC,Argungu/Augie,Q111141473-6DF6087B-8E65-4471-BEE8-06A00FCC0FC7->NULL
->,Bashir Uba Mashema,APC,NULL->Jamaâ€™are/Itas-Gadau,Q111141475-7B64E297-0C1F-4FF0-BA0B-29C61F8AF392->NULL
->,Bashiru Ayinla Dawodu,APC->PDP,Oshodi/Isolo I->Oshodi-Isolo I,Q111141477-2E36B3D6-C03F-459C-B8BA-976A0D3BE087->NULL
->,Bede Uchenna Eke,PDP,Aboh Mbaise/Ngor Okpala,Q71725691-40E4DEEE-78E6-44CC-AFCB-17899C513F9B->NULL
->,Bello A Kaoje,APC,Bagudo/Suru,Q111141482-C5580B7E-32FC-4F73-8451-89D9A908EB0E->NULL
->,Bello Shinkafi Hassan,APC->PDP,Shinkafi/Zurmi->Zurmi/Shinkafi,Q111141478-3D6AD47C-ABBF-49E5-9A8E-B715E3A16AEB->NULL
->,Bem Benjamin Mzondu,PDP,Guma/Makurdi->Makurdi/Guma,Q111141484-2E6558B3-49EC-4D0E-8C05-D5543CFE94A3->NULL
->,Beni Butmak Lar,PDP,Langtang North/Langtang South->Langtang North/South,Q17385635-3995290B-938B-4613-87D6-1EC12E7CA83D->NULL
->,Benjamin Okezie Kalu,APC,Bende,Q107062536-607049B7-9CC6-4A7C-BC21-EC3A55D95B8C->NULL
->,Benson Rollands Igbakpa,PDP,Ethiope East/Ethiope West->Ethiope,Q111141483-0813092A-81B8-4DC0-8F7E-20227689B9EE->NULL
->,Blessing Onyeche Onuh,APC->APGA,Otukpo/Ohimini,Q102199040-64A8B031-2727-4261-A7A7-F0B380AA8912->NULL
->,Bolaji Yusuf Ayinla,APC,Mushin II,Q35538044-F647B21E-3FAB-4CDD-8E69-0219672CD17A->NULL
->,Boma Goodhead,PDP,Akuku-Toru/Asari-Toru,Q111141485-4C577710-3C22-4136-A2DD-FEB4C68CA305->NULL
->,Boniface Sunday Emerengwa,PDP,NULL->Ikwerre/ Emohua,Q20676550-0F182C9D-E849-4884-830C-E3AC86DA5993->NULL
->,Bright Tamuno Gogo,PDP,Okrika/Ogu-Bolo,Q35538496-E0AFEACF-99D8-4F1E-9AE1-016BE9754FC8->NULL
->,Chinedu Benjamin Obidigwe,APGA,Anambra East/Anambra West->Anambra East/West,Q111141489-017FB137-6797-4510-9294-A8E24F981D76->NULL
->,Chinedu Nweke Ogah,APC,Ezza South/Ikwo->Ikwo/Ezza South,Q111141490-2D56C35B-0462-44F8-A0DD-AC41DE6013B7->NULL
->,Chinyere Emmanuel Igwe,PDP,Port Harcourt II->Port Harcourt 2,Q23409635-59CE95A3-818E-4F61-891F-607FA259C42A->NULL
->,Chisom Promise Dike,APC->PDP,NULL->Tai/Eleme/Oyigbo,Q65548435-B6310644-B317-4E45-9820-42538B6480B2->NULL
->,Chris Emeka Azubogu,APC->PDP,Nnewi North/Nnewi South/Ekwusigo->Nnewi North/South/Ekwusigo,Q111141491-B89F7A31-5D49-4AA3-9FED-D0C786ADE385->NULL
->,Christopher Ngoro Agibe,PDP,NULL->Ikom/Boki,Q111141492-056CAC23-DAB3-4F43-97D9-00D9EA0F4B5E->NULL
+++,Chukwuemeka Nwajuba,AP,Ehimembano/ihitte Uboma/Obowo,
->,Chukwuma Nwazunku,PDP,Ebonyi/Ohaukwu->Ohaukwu/Ebonyi,Q35536492-0680FDD2-CA68-4861-A81D-57B6B7308440->NULL
->,Dachung Musa Bagos,PDP,Jos South/Jos East->Jos South/East,Q107528203-F3DEB3D5-2654-4FE5-A997-463639609A73->NULL
->,Dandutse Mohammed Muntari,APC,Funtua/Dandume,Q35537474-49C2F1B7-A230-4296-B0C8-0DAF09A28520->NULL
->,Daniel Effiong Asuquo,PDP,Akamkpa/Biase,Q35539838-BB37A366-E3FF-4E20-824F-062C3D1F3258->NULL
->,Danladi Baidu Tijo,PDP,Karim Lamido/Lau/Ardo-Kola->Lau/K/Lamido/Ardo-Kola,Q35537718-CA905267-A288-468C-A14E-CC167EFBC960->NULL
->,Darlington Gideon Nwokocha,PDP,Isiala Ngwa North/Isiala Ngwa South->Isiala Ngwa North/South,Q35539317-B79EA7C6-37C6-45C5-9083-0FDB6AF3580E->NULL
->,David Abel Fuoh,APC->PDP,NULL->Gashaka/Kurmi/Sardauna,Q111141494-A0FCA368-82A9-4CE7-8D0A-B28EE76E83D6->NULL
->,David Idris Zacharias,APC,NULL->Idah/Ibaji/Igalamela/Ofu,Q68621515-E4A9C9BA-5386-4366-82AF-C2B9D7ED1AF4->NULL
->,Dennis Idahosa,PDP->APC,Ovia North East/Ovia South West->Ovia South/West-Ovia North/East,Q111141500-0204A054-D133-46C9-9297-EC3C721EB4FE->NULL
->,Dennis Oguerinwa Amadi,PDP,Ezeagu/Udi,Q35538727-87EF2AD1-B4E9-4729-9706-9FBC82E5A6B7->NULL
->,Doctor Farah Dagogo,PDP,Degema/Bonny,Q64756796-7F15F9DA-E76C-493E-9E57-BDE250ECB3EF->NULL
->,Dozie Ferdinand Nwankwo,APGA,Njikoka/Dunukofia/Anaocha->Anaocha/Njikoka/Dunukofia,Q111141501-23C2E970-1F54-4626-984F-9B48CAF1561A->NULL
->,Dumnamene Robinson Dekor,PDP,Khana/Gokana,Q40663695-2D27C857-EE8F-4A0D-A053-5452B8BD9B03->NULL
->,Ebisike Iheanyichukwu Chimaobi,PDP,Aba North/Aba South->Aba North/South,Q111141487-17015BA2-6F7A-4F04-B547-AA7484844E24->NULL
->,Egoh Emmanuel Ajokpa-oghene,PDP,NULL->Amuwo Odofin,Q35537339-C2F98711-DEF7-49B8-B31C-E24FF8029E5F->NULL
->,Ekene Vincent Ofumelu,APC->PDP,Oyi/Ayamelum,Q111141701-B720B2DE-C9E6-4CC9-A8B5-AD72D9E588DE->NULL
->,Emeka Martins Chinedu,PDP,Ahiazu Mbaise/Ezinihitte,Q111141503-4ECD543C-A6DA-4540-895F-BD0DDFA3E877->NULL
->,Emmanuel Effiong Ukpong-udo,PDP,Ikono/Ini->Ikono/ Ini,Q111141505-5C799643-C916-44F7-BA7D-7C9151D3C0DD->NULL
->,Ereyitomi Thomas,PDP,Warri North/Warri South/Warri South West->Warri,Q111141687-C4D1FF4B-A612-49C3-8680-F0B6B19A699E->NULL
->,Essien Ekpenyong Ayi,PDP,NULL->Akpabuyo/Bakassi/Calabar South,Q35538952-C412638B-9295-4D1E-B18E-E10035609B4C->NULL
->,Eta Mbora Edim,PDP,Calabar Municipal/Odukpani->Calabar Munincipal/Odukpani,Q35539522-48ECA138-EB60-4742-9798-FA4AD3610652->NULL
->,Etaba Michael Irom,APC->PDP,Obubra/Etung,Q35538438-23E2575D-D906-4094-9DFF-76D2DFD1D126->NULL
->,Ezenwankwo Okwudili Christopher,APC->APGA,NULL->Orumba North/South,Q111141624-218442C6-DBEC-4E7B-B77C-44FF134501F3->NULL
->,Fatuhu Muhammed,APC,Daura/Sandamu/Mai’adua->Daura/Sandamu/MaiAdua,Q111141506-E38F624E-A72D-49E1-B8B0-4353BB14F0A1->NULL
->,Femi Akeem Gbajabiamila,APC,Surulere I,Q5442793-BBC61E54-CDC3-4AB9-9181-C00F1394764D->NULL
->,Francis Charles Uduyok,PDP,Ikot Abasi/Mkpat Enin/Eastern Obolo,Q35538997-7A45FFAD-9D5A-4BF9-89ED-0AC7D371FB07->NULL
->,Francis Ejiroghene Waive,APC,NULL->Ughelli North/South/Udu,Q98153229-DBBA4B6C-86A9-4577-B0D0-82013EDFEBBA->NULL
->,Gabriel Saleh Zock,APC,Kachia/Kagarko,Q111141508-A3ED4D47-698B-408B-9043-F890C98DDCF3->NULL
->,Gagdi Adamu Yusuf,PDP->APC,Kanke/Pankshin/Kanam->Pankshin/Kanke/Kanam,Q105783149-5A1E286D-4991-4987-B7F7-8CC691EECEB6->NULL
->,Ganiyu Abiodun Johnson,APC,Oshodi/Isolo II->Oshodi-Isolo II,Q111141510-D0854AB1-7696-4D49-B1D6-F812CEFB9E94->NULL
->,Garba Datti Muhammad,APC,Sabon Gari,Q35539118-0D8E7972-0AB8-49DD-9927-F600BC9F819A->NULL
->,Gaza Jonathan Gbefwi,APC->PDP,Keffi/Karu/Kokona->KARU/KEFFI/KOKONA,Q35539816-668AB0FE-A0C2-4C1E-BF48-BE19500FDA98->NULL
->,Gboluga Dele Ikengboju,PDP,Okitipupa/Irele,Q111141513-EA43C540-0A9D-400B-A97A-410EAAFC2A63->NULL
->,Gibeon Goroki Miskaru,PDP,Guyuk/Shelleng,Q111141515-7C6EFDA4-BBEC-4A8A-9014-FB40FE2AF5E6->NULL
->,Godday Odagboyi Samuel,APC->PDP,Apa/Agatu,Q111141516-F166CE10-3268-4567-A187-03A53B7932FC->NULL
->,Gwani Gideon Lucas,APC->PDP,Kaura,Q35537705-D81F641D-C6F4-4331-B2A5-1DF33E5649DB->NULL
->,Hafiz M kawu Ibrahim,APC,Tarauni,Q111141517-DE365847-A31B-4515-8C87-2A9B8FF9DA66->NULL
->,Hamisu Ibrahim,APC,Ikara/Kubau,Q111141518-2B5CF74D-DC01-46B2-A86E-4C1A4A20E9DE->NULL
->,Hamza Dalhatu,APC,Batagarawa/Charanchi/Rimi->Rimi/Charanchi/Batagarawa,Q111141519-8EF6A999-4218-44F7-8911-DB7A1F6CAE22->NULL
->,Haruna Isa Dederi,APC,Karaye/Rogo,Q111141520-A3AF11DB-36AD-4112-B96D-6D88C941DC19->NULL
->,Haruna Mshelia,APC,Askira-Uba/Hawul,Q111141522-B20B619F-F1D2-45E8-9206-2F67D8D3E4AB->NULL
->,Hassan Abdullahi,APC,Bassa/Dekina->Dekina/Bassa,Q111141523-326DDDED-F9A1-41EF-A2F4-325A679DD09B->NULL
->,Hassan Sokodabo Usman,PDP,Abaji/Gwagwalada/Kwali/Kuje->Kuje/Abaji/Gwagwalada/Kwali,Q111141524-7BE4BDD7-8E95-4BF8-BD1F-CB64E0E52F9B->NULL
->,Henry Ndochukwu Nwawuba,PDP,Ikeduru/Mbaitoli->Mbaitolu/ikeduru,Q35539780-6D215963-0152-47EB-8F40-83E66C652463->NULL
->,Henry Okon Archibong,PDP,Itu/Ibiono Ibom,Q35536408-633291C8-1F5C-48A7-A746-1AA4712D9D78->NULL
->,Ibrahim Abdullahi Dutse,APC,Dutse/Kiyawa,Q35538057-38C58E99-2182-4CC9-8F1C-EF80F582CC37->NULL
->,Ibrahim Almustapha Aliyu,APC,Wurno/Rabah,Q111141525-B68DF786-4F36-4D8D-AED7-3C7D5326E7F7->NULL
->,Ibrahim Ayokunle Isiaka,APC,Ifo/Ewekoro,Q35539721-8AACEE27-123E-4CD1-B370-E00F09638416->NULL
->,Ibrahim Babajide Obanikoro,APC,Eti-Osa,Q111141526-9851D65C-CC3F-4C18-BA82-D489082FEF58->NULL
->,Ibrahim Hamza,PDP->APC,Soba,Q111141527-C34C21C9-4D57-4118-9BF6-5BE4DA0FB29E->NULL
---,Ibrahim Kunle Olanrewaju,APC,"Ido/Osi, Moba/Ilejeme",Q111141528-381F4B88-C088-46C8-B82E-C83398955E08
->,Ibrahim Makama misau,APC,Misau/Dambam,Q51120626-8330832A-6EAA-4DD9-A928-79753AD6B42A->NULL
->,Ibrahim Mohammed Bukar,APC,Dikwa/Mafa/Konduga->Dikwa/Mafaf/Konduga,Q111141529-E1797F25-A09C-4A3B-AC31-49C4C67BF3D5->NULL
->,Ibrahim Umar Potiskum,APC,Bade/Jakusko,Q111141531-FEBE0950-A418-4966-AA38-D718D5BEE274->NULL
->,Idiris Abubakar Ajeje,APC,Fika/Fune,Q111141443-5428152A-C35C-48A7-8E13-8D888A2E6ABD->NULL
->,Iduma Enwo Igariwey,PDP->APC,Afikpo North/Afikpo South,Q110043380-AACEF0F1-F944-44A3-894E-2E744244B85E->NULL
->,Ifeanyi Chudy Momah,APGA,Ihiala,Q77224538-0B6FBD5E-3AFD-4B9C-876E-C0117C00DF8E->NULL
->,Iheonunekwu Ephraim Nwuzi,APC->PDP,Etche/Omuma,Q27063414-61D9C1C4-687D-41C4-968E-6798E4BFD0D9->NULL
->,Ikenna Onyechere Elezieanya,PDP,Owerri Municipal/Owerri North/Owerri West->Owerri Municipal/Owerri North/West,Q111141535-00953512-99A0-4A5A-8A6A-37C04894A7D7->NULL
->,Iorwase Herman Hembe,APC,NULL->Vandeikya/Konshisha,Q35536614-799160E5-C30E-46FA-A048-7068418ED3F4->NULL
->,Ismail Kayode Tijani,APC,NULL->Offa/Oyun/Ifelodun,Q111141537-E741578F-51EF-4A80-BE1E-DF07DD524C76->NULL
->,Israel Sunny goli,APC,Brass/Nembe,Q111141538-D577B137-69E9-432F-970C-71A12D43683D->NULL
->,Jaafar Abubakar Magaji,APC,Maiha/Mubi North/Mubi South->Mubi N/Mu S/Maiha,Q111141539-04D7446E-33B0-48A8-8B69-D7E462C17B85->NULL
->,Jacob Adejumo Ajao,APC->ZLP,NULL->Ogbomosho/North/South/Orire,Q111141543-24B90A7F-71C9-4E34-B0D4-C1A0104F2AC3->NULL
->,Jafaru Mohammed,APC,Agwara/Borgu,Q111141540-37DFE3F6-5068-46E9-9B01-1223D83EAE22->NULL
->,Jafaru Suleiman Ribadu,PDP,Yola North/Yola South/Girei,Q111141546-66405EDC-5E18-42A4-A2AE-C4B0659782E5->NULL
->,James Adisa Owolabi,APC,Ifako/Ijaiye->Ifako-Ijaiye,Q111141547-D68769C8-A5A8-4E08-9941-A25285890B28->NULL
->,Jerry Alagbaoso,PDP,NULL->Orlu/Oru East/Orsu,Q111141549-79F6CC01-CA0B-45F4-B25B-2311FF139DE7->NULL
->,Jimoh Aremu Olaifa,APC->SDP,NULL->Imeko Afon/Egbado North,Q111141627-6DB1A5DB-5391-4941-A620-E3A73DF196DF->NULL
->,Jimoh Olusola Ojugbele,APC,Ado-Odo/Ota,Q35536249-FE1C36E4-89F3-4A19-9289-E5F99DB5DEE0->NULL
->,Joe Eghoghon Edionwele,PDP,Esan Central/Esan South/Igueben->Esan Central/West/Igueben,Q35536375-8BBD75FB-CCD3-407F-84FE-B2450378328E->NULL
->,John Dyegh,PDP->APC,Gboko/Tarka,Q16194615-3B1FEC2B-DEC2-4A20-8D1A-015A8FE76ABB->NULL
->,Johnson Egwakhide Oghuma,APC,NULL->Etsako East/West/Central,Q96384703-2927DBE4-5284-48AC-8AC2-E7E4F77D32DF->NULL
->,Joseph Asuku Bello,APC,Adavi/Okehi,Q111141550-53A6170A-0E91-45E6-BC73-19B5C85E0654->NULL
->,Jude Ikponmwosa Ise-idehen,PDP,Egor/Ikpoba-Okha->Egor/Ikpoba-okha,Q111141551-2BEF529A-5B00-4C0C-8F42-495EB1FFC1D4->NULL
->,Jude Ngaji->Ogbeche Ngaji Jude,APC,Ogoja/Yala,Q111199628-B70FAB88-D2DF-464F-BFC3-1E4CE8C944F0->NULL
->,Julius Gbabojor Pondi,PDP,Burutu,Q26896971-E5898721-2368-4974-AD3B-C57D502B9C95->NULL
->,Julius Omozuanvbo Ihonvbere,APC,Owan East/Owan West->Owan West/East,Q16187120-942DB28E-5052-47C9-971A-7BA54DC8B463->NULL
->,Kabir Tukura Ibrahim,APC,Fakai/Sakaba/Wasagu/Danko/Zuru->Zuru/Fakai/Sakaba/D/Wasagu,Q90325412-59738B40-7389-4F20-9131-147C7D6C3489->NULL
->,Kabiru Alhassan Usman rurum,APC,Rano/Bunkure/Kibiya,Q105445777-7BAB122F-7BAE-4F57-AE1A-14F580327626->NULL
->,Kabiru Amadu,APC->PDP,NULL->Tsafe/Gusau,Q111141553-0DB83737-1FFC-4D29-900E-8322F06CFC50->NULL
->,Kabiru Idris,APC,NULL->Kura/Madobi/Garun Malam,Q111141556-8F359514-144C-475C-ADC1-43AB4FCC1A5B->NULL
->,Kabiru Yahaya,PDP,NULL->Anka/Mafara,Q111141557-E9E1B4C5-FD49-45E6-B610-16EC3BC9FF1B->NULL
->,Kalambaina Abdullahi Kalambaina,APC,Kware/Wamakko,Q111141451-B624C6C3-41FD-4B46-AF5F-7342ACC79EFB->NULL
->,Kani Faggo Abubakar,APC,Shira/Giade,Q111141438-E7DC2CC4-3A00-4BB4-907F-F3D953469878->NULL
->,Kasimu Bello Maigari,APC,Jalingo/Yorro/Zing,Q111141558-DF2A2B9E-5763-486A-BC8F-0FBE1C2F0A37->NULL
->,Kenneth Anayo Chikere,PDP,Port Harcourt I->Port Harcourt 1,Q35539099-6A6CA68E-68B0-470E-A995-2A0B10807EBC->NULL
->,Khadija Waziri Bukar abba ibrahim,APC,Damaturu/Gujba/Gulani/Tarmuwa,Q18129932-C9E463EE-77F6-46C1-933F-BB31A1C1E366->NULL
->,Kingsley Chima Uju,APC->APM,Oguta/Ohaji-Egbema/Oru West,Q111141689-9EAABDB9-59DD-4669-8C19-A48871E52A3B->NULL
->,Kingsley Ogundu Chinda,PDP,NULL->Obio/Akpor,Q35538233-42947DB1-B5BA-45D4-9BF9-C88C0A623BBC->NULL
->,Kolade Victor Akinjo,PDP,Eseodo/Ilaje,Q35538891-60E844D7-09C3-4DA1-8FDE-558978891C91->NULL
->,Kolapo Korede Osunsanya,APC,Ijebu Ode/Odogbolu/Ijebu North East,Q111141562-869C94B5-3DE0-4E19-A21C-4806658FE2C4->NULL
->,Kolawole Wasiu Lawal,APC,NULL->Egbado South and Ipokia,Q111141563-2F46214D-F701-4F10-B4F7-8A56FF0310F1->NULL
->,Komsol Alphonsus Longgap,APC,Mikang/Qua’an/Pan/Shedam->Mikang/Quan.Pan/Shendam,Q111141564-CCF8E86F-B199-4519-AEA2-4EC0609D6783->NULL
->,Kpam Jimin Sokpo,PDP,Buruku,Q111141566-38DAF13E-88F6-415C-8BBC-119C2B3B4B26->NULL
->,Kumo Usman Bello,APC,Akko,Q111141697-0743B094-BA8C-40E1-A427-C448ED2276CB->NULL
->,Kurdula Yusuf Isah,APC,Tangaza/Gudu->Gudu/Tangaza,Q111141710-FB10D9B3-8302-442B-850F-8B5FBB1A979F->NULL
->,Kwamoti Bitrus Laori,PDP,Demsa/Numan/Lamurde,Q35538940-B97B4431-0C5B-4C5B-BB4A-87FEDD1B3766->NULL
->,Lawal Muhammadu Idirisu,APC,Ajaokuta,Q111141568-967468FB-8A07-448A-8594-329A86FE4208->NULL
->,Lawan Shettima Ali,APC,Bursari/Geidam/Yunusari,Q111141572-A458358B-DED9-450B-8B2B-E7E24C625F64->NULL
->,Leke Joseph Abejide,ADC->PDP,Yagba East/Yagba West/Mopamuro->Yagba East/Yagba West/Mopa-muro,Q111141574-6DBCFC1E-3725-41C1-81CA-7583231655B6->NULL
->,Lynda C Chuba ikpeazu,APC->PDP,NULL->Onitsha North/South,Q6708540-33982EBF-0D7C-4A26-ACE7-E88769FCB892->NULL
->,Makki Yalleman Abubakar,APC,Mallam Madori/Kaugama,Q111141578-F415E5FD-9A08-48A4-ABCC-B5AF4DC8E099->NULL
->,Makwe Livinus Makwe,PDP,NULL->Ivo/Ohaozara/Onicha,Q111141576-5239E5ED-7A79-48BF-95C9-DBD58C52AC79->NULL
->,Mallam Bukar Gana,APC,NULL->Kukawa/Mobbar/Abadam/Guzamalai,Q111141486-F75DFD0F-C218-4629-96F0-F7763E567B86->NULL
->,Mani Katami Maishinko,PDP,Binji/Silame,Q111141579-351223B4-3853-4050-A6C0-30B547BBC989->NULL
->,Mansir Mashi Aliyu,APC,Mashi/Dutsi->Mashi/Dvisi,Q111141581-6367A5A0-B4BB-4038-8988-D236D9A07415->NULL
->,Mansur Manu Soro,APC,Darazo/Gunjuwa,Q111141583-B774B207-95A4-42AB-9478-615E5EED37F5->NULL
->,Mark Terseer Gbillah,PDP,Gwer East/Gwer West,Q35538405-7598DE54-A289-42C5-AC5E-CA559A738819->NULL
->,Martins George Oke,PDP,Igbo-Etiti/Uzo-Uwani,Q111141584-63B39D35-A903-4DF1-9EA5-177F953AEB2A->NULL
---,Mayokun Lawson-Alade,,Akure North/Akure South,Q111199552-48826811-4b5e-675f-43cb-67a48d52b966
+++,Mayokun Olanrewaju Alade,APC,Akure North/South,
->,Micah Yohanna Jiba,PDP,Municipal/Bwari->Abuja Municipal /Bwari,Q111141585-5E15E157-9805-4BB7-9956-AB468BFF7B4E->NULL
->,Michael Okon Enyong,PDP,Uyo/Uruan/Nsit Atai/Ibesikpo Asutan->Uyo/Uruan/Nsit Ata/Ibeskip Asutan,Q50219654-76289BF4-FD1A-4CB7-AFF7-C9650DE1CF92->NULL
---,Miriam Onuoha,APC,Isiala Mbano/Okigwe/Onuimo,Q102187913-EE61EED1-4793-4D85-9085-69D332749946
->,Mohammed Bago Umaru,APC,Chanchaga,Q65929260-91919DF8-C607-454D-ACF1-539C6F6A2CCC->NULL
->,Mohammed Omar Bio,APC,Baruten/Kaiama,Q111141586-8D963FA8-2EAE-4AE1-9FF3-519E235BC2F6->NULL
->,Mohammed Saidu Bargaja,PDP,NULL->Isa-Sabon-Birni,Q111141587-E5632C68-A75A-4C30-8DE7-662C128C65A2->NULL
->,Mohammed Shamsudeen Bello,APC,Sumaila/Takai,Q111141668-A290768A-E3EB-4278-B8E6-F811A091C7B5->NULL
->,Mohammed Tahir Monguno,APC,NULL->Monguno/Marte/Nganzai,Q96393681-B247D767-0DFF-4A8A-993D-22BC81EA3596->NULL
->,Moshood Kayode Akiolu,APC,Lagos Island II,Q111141561-E843C757-AA6F-43C5-B2C8-B39C57AFFC7C->NULL
->,Mufutau Adewale Egberongbe,APC,Apapa,Q111141590-9D91BA42-36F6-441F-B617-0B0209ECA782->NULL
->,Muhammad Ali Wudil,APC,Wudil/Garko,Q111141593-2CE57210-6975-4F9D-A919-E4349CFE4422->NULL
->,Muhammad Auwal Jatau->Tata Omar,PDP->APC,Zaki,Q111141594-F7E9EFA4-ADAC-4947-AFFE-86D707815764->NULL
->,Muhammad Bello Yakubu,APC,Bunza/Birnin Kebbi/Kalgo->B/Kebbi/Kalgo/Bunza,Q111141595-DAA7A1B8-77B1-464A-8311-479432FF622E->NULL
->,Muhammad Umar Jega,APC,Aleiro/Gwandu/Jega->Gwandu/Aliero/Jega,Q35539569-7875A955-4141-4D53-972E-C3B034DEE86C->NULL
->,Muhammadu Adamu Fagengawo,APC,Babura/Garki,Q111141605-5E3BFE06-61FE-4F27-B564-646D45B038BA->NULL
->,Muhammed Gudaji Kazaure,APC,Kazaure/Roni/Gwiwa/Yankwashi,Q35538247-49BC749E-EBC0-4A98-AC9E-2424F7452217->NULL
->,Mukhtar Ahmed Monrovia,APC,Kaduna South,Q111141596-58C60149-B1C2-4A6B-8789-D66EFC60DA60->NULL
->,Mukhtar Shehu Ladan,APC,Makarfi/Kudan,Q111141597-A00F96D5-BE6A-4E7A-9F98-328E7600373C->NULL
->,Mukhtar Zakari Chawai,APC,Kauru,Q111141599-DBC77575-F0FE-4222-BBEA-D9428CA2E7E9->NULL
->,Munir Babba Dan agundi,APC,NULL->Kumbosto,Q111141601-DECAD20F-BA17-453C-BEAE-5DD29BBB4BF4->NULL
->,Murtala Isah,APC,Faskari/Kankara/Sabuwa->Kankara/Sabuwa/Faskari,Q111141602-844281C2-3E31-462E-ACCF-24E9A6592F26->NULL
---,Musa Agah Avia,PDP,Jos North/Bassa,Q111199670-9B8F9D64-CBB0-47CA-B20E-709829727C71
->,Musa Mohammed Pali,APC,Alkaleri/Kirfi,Q111141603-4AA5E220-41AD-437C-95C2-7A550C8BC9E6->NULL
->,Musa Sarkin adar,APC,Goronyo/Gada,Q24565203-CFB0BF42-4921-4673-86AF-6E07CE7FF279->NULL
->,Musa Umar Garo,APC,Gwarzo/Ikabo,Q111141606-31800C9A-91A5-4214-98C2-84733994159E->NULL
->,Musibau Taiwo Kolawole,APC,Ajeromi/Ifelodun->Ajeromi-Ifelodun,Q111141683-A28619FD-7872-4381-9B42-2545C89012E4->NULL
->,Mustafa Muhammed Saidu,PDP,NULL->Fufore/Song,Q111141608-1FA8780E-4B2D-4B84-B179-B1EC0A2E55DC->NULL
->,Mustapha Dawaki Bala,APC,Dawakin Kudu/Warawa,Q35539376-9DD79DCB-360D-4DC6-9AE8-42DF32BE2087->NULL
->,Nasiru Abduwa Gabasawa->Mahmoud Mohammed,APC,Gezawa/Gabasawa,Q111141609-F48C7924-DD84-4D14-8861-EFFB23F38F97->NULL
->,Nasiru Sani Zangon daura,APC,Zango/Baure->Baure/Zango,Q35537589-14E8F684-F143-4599-B214-645B5786B226->NULL
->,Nassir Ali Ahmed,APC,Nassarawa,Q111141611-29CE8313-C13A-4A51-BEFE-56B0B0584ADE->NULL
->,Nazifi Sani,APC,Gumel/Maigatari/Sule Tankarkar/Gagarawa,Q111141612-FEDED8CD-C750-46F5-80DC-A2AF6B378213->NULL
->,Ndudi godwin Godwin Elumelu,PDP,NULL->Aniocha North/Aniocha South/ Oshimili N & S,Q111141613-F0FDC395-9481-4DE4-86A7-B8A79F023274->NULL
->,Nicholas Ebomo Mutu,PDP,Bomadi/Patani,Q35538029-FDF2C936-5D4A-4CA8-8940-F839500D3D41->NULL
->,Nkeiruka Chidubem Onyejeocha,APC,NULL->Isuikwato/Umunneochi,Q29514826-62425503-F593-4C19-B1F1-6DCCFC84A1B4->NULL
->,Nnolim John Nnaji,PDP,Nkanu East/Nkanu West,Q111141615-59872F4B-ABC1-4880-9922-C32C4179FDB0->NULL
->,Nse Bassey Ekpenyong,PDP,Oron/Mbo/Okobo/Udung Uko/Urue Offong/Oruko->Oron/Mbo/Okobo/UrueOffong/Oruko/Udung-Uko,Q28968008-2E015E61-A533-4C70-BFD8-4EBB7ABE1889->NULL
->,Nsikak Okon Ekong,PDP,NULL->Ikot Ekpene/ Essien Udim/ Obot Akara,Q111141617-AB9A7A75-EB42-474E-A44C-B5DDE5003591->NULL
->,Oberuakpefe Anthony Afe,PDP,Okpe/Sapele/Uvwie->Opke/Sapele/Uvwie,Q111141502-5CBCCF68-8845-43BB-AE58-0F147687F2AC->NULL
->,Obinna Chidoka,PDP,Idemili North/Idemili South->Idemili North/South,Q30643909-6D7F493E-92A0-4CEF-AA03-A55900998E8A->NULL
->,Obua Azibapu Fred,PDP,Ogbia,Q111141621-DA5A2DBF-CF41-4243-BCD9-4E68529C6DBD->NULL
->,Ochiglegor Legor Idagbo,APC->PDP,NULL->Bekwarra/Obudu/Obanliku,Q35539979-0F25801A-8DA4-4223-AE4B-80F6758D4CC8->NULL
->,Ofor Gregory Chukwuegbo,PDP,Enugu North/Enugu South->Enugu North/South,Q111141623-C1CA2300-7D57-43CE-AE28-5068DD8B1368->NULL
---,Ogor Okuweh,PDP,,Q28968132-F40031E8-6695-4A79-8834-B2E1EB57DFD7
->,Ogunlola Omowumi Olubunmi,APC,Ijero/Ekiti West/Efon,Q102229778-B50A1335-386B-497E-A82B-A2D163AFBD93->NULL
---,Ohiozojeh Akpatason,APC,Akoko-Edo,Q35536547-F85F6255-8206-490D-9633-9D0E48A613D5
---,Okafor John,APC,Aguata,Q35536601-8ECBD5FA-0674-44D2-9F5F-916D8FBE1E0B
->,Olajide Boladale Olatubosun,APC,NULL->Atisbo/Saki East/Saki West,Q35536681-F7318352-033B-4A51-B6BF-64D519F47529->NULL
->,Olanrewaju Oladapo Edun,APC->PDP,Abeokuta South,Q111141567-A9CB96C4-8F06-4E27-8C09-3EF2F81C17C9->NULL
->,Olatunji Abiola Shoyinka,PDP,Surulere II,Q35537487-779483E2-F13E-4B80-AD20-0166D7615156->NULL
->,Olubukola Oyegbile Oyewo,APC,NULL->Irepodun/Olurunda/Osogbo/Orolu,Q111141633-B7F6EEB7-11CB-4C2C-B670-D6A9184E88DE->NULL
->,Olubunmi Nil Tunji-ojo,APC,Akoko North East/Akoko North West->Akoko North East/West,Q105981510-67AA1A2B-7F2E-4709-A50E-A487807A3FA8->NULL
->,Olufemi Bandele Adebanjo,APC,Alimosho,Q35538484-68F718BF-9D0F-427C-8CCE-BFF69BEC8752->NULL
->,Olufemi Julius Fakeye,APC,NULL->Boluwaduro/Ifedayo/Illa,Q35539429-A406B426-0225-4F2B-8238-CDAC14E3B07F->NULL
->,Olufemi Richard Bamisile,APC,Emure/Gbonyin/Ekiti East,Q52151627-ABC4811B-3797-420A-9903-52B5528E4282->NULL
->,Olumide Abiodun Ojerinde,APC,NULL->Olurunsogo/Oorelope,Q111141634-5CF349DC-7BCB-40E7-8B2D-F05773AC2C23->NULL
->,Olumide Babatunde Osoba,APC,NULL->Abeokuta North/ Obafemi- Owode/Odeda,Q111141635-087E4D02-FB51-432C-8077-179D5B4459EB->NULL
->,Olusegun Dokun Odebunmi,APC,Ogo-Oluwa/Surulere,Q111141667-68DBF024-4984-42C6-A65E-8784F077D241->NULL
->,Olusola Steve Fatoba,APC,NULL->Ado Ekiti/Irepodun-Ifelodun,Q111141639-68118A0F-3D85-40D0-AED3-6CE71D21B1CB->NULL
->,Oluwole Oke,PDP,Obokun/Oriade->Obokon/Oriade,Q50825739-AFDC75F4-F222-4B9B-BD4F-CF31180E8D9D->NULL
->,Omoregie Ogbeide-ihama,PDP,Oredo,Q35538117-EDB760AA-F135-474C-80E4-DB2873B843DC->NULL
->,Onofiok Akpan Luke,PDP,NULL->Etinan/Nsit Ibom/Nsit Ubium,Q21063010-AD432D45-4B77-407E-9500-25C8B681703E->NULL
->,Ossai Nicholas Ossai,PDP,Nkokwa East/Ndokwa West/Ukwuani->Ndokwa/Ukwani,Q35540082-780A087D-7156-41A2-86A4-8D40F337FA60->NULL
->,Ottah Francis Agbo,PDP,NULL->Ado/Obadigbo/Opkokwu,Q111141507-BF610F18-E488-450B-A127-19BDEF8AD01A->NULL
->,Ozurigbo ugonna,APC,Isu/Njaba/Nkwerre/Nwangele,Q28030538-6F826027-6CD8-41F0-B522-03B154638722->NULL
->,Paschal Chigozie Obi,APC->APM,NULL->Ideato North /South,Q111141642-3B588A96-149F-4117-8933-CCE7AE9475C6->NULL
+++,Patrick Aisowieren,APC,Orhionmwon/Uhunmwode,
->,Patrick Nathan Ifon,PDP,Eket/Onna/Esit Eket/Ibeno,Q111141647-84A102F3-776F-4CB8-8730-4F27FFDD0F8F->NULL
->,Patrick Oziokoja Asadu,PDP,Nsukka/Igbo-Eze South,Q111141645-AB9DA507-E31D-4567-9760-CA851B460795->NULL
---,Peter Owolabi,APC,Ikole/Oye,Q111141648-05EC2AB8-35FF-4A8F-937B-A0A53A672A06
->,Preye Influence goodluck Oseke,APC,Southern Ijaw,Q111141650-E3997665-0230-4A57-9FC4-11E81FDCCCE8->NULL
->,Prince cornelius Nnaedozie Nnaji,PDP,NULL->Enugu East/Isi-Uzo,Q111141493-E729F5E6-CF96-43FE-8E9B-05533A2CE45F->NULL
->,Prince olaide Adewale Akinremi,APC,Ibadan North,Q111141625-7C39E85B-4C83-480E-ACB0-CDF63C679B64->NULL
->,Rasheed Olalekan Afolabi,APC,Odo-Otin/Ifelodun/Boripe,Q111141632-72E4FCE5-0181-459D-BE54-F876B062BC82->NULL
->,Richard Iorkyaan Gbande,PDP,Katsina-Ala/Ukum/Logo,Q111141651-F6B42B18-F58B-4BE4-92D8-C30823EBC15A->NULL
->,Rimamnde Shawulu Kwewum,PDP,NULL->Donga/Ussa/Takum/Special Area,Q111141653-7EBE0540-7828-48EA-81E4-95CDC5FE23F6->NULL
->,Robert Aondona Tyough,PDP,Kwande/Ushongo,Q111141654-26A174F7-6511-4220-9F4C-45F2C2E0C699->NULL
---,Rotimi Agunsoye,APC,Kosofe,Q111141656-6DD8C5FA-FF37-4A64-8265-8C12B11AFFDA
->,Sada Soli,APC,Jibia/Kaita->Kaita/Jibia,Q111141657-5904CE03-3F06-4215-86BD-FE3411D538B7->NULL
->,Saidu Doka Umar,APC,Shiroro/Rafi/Munya,Q111141695-8ADD9616-871A-4D88-B385-5F0BE731B607->NULL
->,Saidu Musa Abdullahi,APC,Bida/Gbako/Katcha,Q87451110-C9B4DEC8-49FF-42B4-8179-A2A66C6C15B6->NULL
->,Salisu Iro Isansi,APC,Katsina->Katsina North Central,Q111141658-9A42D263-813A-4CF3-9965-1857D2843680->NULL
->,Samaila Suleiman->Samaila Abdu Suleiman,PDP->APC,Kaduna North,Q28051589-1d30b8c9-4c06-14ce-b65a-ecb9af7d990d->NULL
->,Samuel Babatunde Adejare,APC,Agege,Q111141661-856B3C7C-31BA-4BA6-BC3A-57BCB5B2CD01->NULL
->,Samuel Chinedu Onwuaso,PDP,Awka North/Awka South->Awka North/South,Q111141660-08CEF0F1-141E-4059-B90E-DA75B005AEF3->NULL
->,Samuel Ifeanyi Onuigbo,APC->PDP,NULL->Ikwuano/Umuahia North/South,Q35539661-51481B0E-CDC6-44B5-9A34-F0849B38B434->NULL
->,Samuel Mayowa Akinfolarin,APC,NULL->Ileoluji-Okeibo/Odigbo,Q35538328-6CDACD1C-108F-4AA5-BA97-EC316B7491EE->NULL
->,Sani Ma'aruf Nass,APC,Minjibir/Ungogo,Q111141662-0C66C2E3-36EF-41E5-9FA0-D989168197AC->NULL
->,Sani Umar Bala,APC,Tsanyawa/Kunchi,Q35537904-D6274B6D-3B1C-4486-A4FE-DCBD445135AD->NULL
->,Satomi Alhaji ahmad,APC,Jere,Q108753199-77919C52-2B90-49DD-A47A-D83BBF013FB8->NULL
->,Sergius Oseasochie Ogun,PDP,Esan North East/Esan South East->Esan North-East/Esan South- East,Q35539674-9A635859-6121-4662-8F80-AD0C9D32E321->NULL
->,Sha aban Ibrahim Sharada,APC,NULL->Kano Municipal,Q106653074-6C297570-8DF7-40B2-89A5-BDAE0BD035F0->NULL
->,Shehu Balarabe,APC,Birnin Gwari/Giwa->Birnin-Gwari/Giwa,Q111143021-685E48F5-F75C-48B8-B78B-55704C5DEC86->NULL
->,Shehu Beji Barwa,APC,NULL->BOSSO/PAIKORO,Q111141672-22EEA1FA-0A94-4A40-B4AA-F812D7EA8414->NULL
->,Shehu Mohammed,APC,Koko-Besse/Maiyama->Maiyama/Koko/Besse,Q111141673-B11A4829-1ECE-4223-9ABE-266D4BB8F7F4->NULL
->,Shehu Nicholas Garba,PDP,Jema’a/Sanga->Jemaa/Sanga,Q35537802-B92564E0-0A93-48C4-AE4C-0EE236D5573C->NULL
---,Shehu Saleh,APGA,Magama/Rijau,Q35537290-C8863E3F-0E5B-4C48-8839-CC6349707903
->,Shina Abiola-peller,APC,Iseyin/Itesiwaju/Kajola/Iwajowa,Q56678163-2935D035-991B-4B4C-A388-A8BAA70162FA->NULL
->,Simon Chukwuemeka Atigwe,PDP,NULL->Igboeze North/Udenu,Q111141675-1F31B44F-5395-49AA-9AE0-F1DF8637A3FD->NULL
->,Simon Davou Mwadkwon,PDP,Barkin Ladi/Riyom,Q111141676-18B23DC9-C55C-4CF7-AB0A-953D4B865A43->NULL
->,Simon Elisha Karu,APC,Kaltungo/Shongom,Q107185292-0518FCCD-C466-4C5E-B09B-4B583F67A6BF->NULL
->,Solomon Ezinwa onyemaobi Adaelu,PDP,Obingwa/Ugwunagbo/Osisioma->Obingwa/Osisioma/Ugbunagbo,Q35539211-9CC13C6A-7A30-426C-8DDA-2352A99C5F0E->NULL
->,Solomon Maren Bulus,PDP,Bokkos/Mangu->Mangu/Bokkos,Q35536874-FFA1DDEA-9DEB-47D3-934D-43CA99DB0679->NULL
->,Solomon T Bob,PDP,NULL->Ahoada-East/Abua/Odual,Q107598364-E2249F78-72CF-41F3-AECD-E9A93796204B->NULL
->,Stephen Sinikiem Azaiki,PDP,Yenagoa/Kolokuna/Opokuma,Q111141677-6ADF5781-3844-4760-850B-8F5898336CEC->NULL
->,Sulaiman Gumi Abubakar,APC->PDP,Gummi/Bukkuyum,Q111141678-90E17FC6-935D-4FBF-89B5-3A6653E91D48->NULL
->,Sununu Tanko Yusuf,APC,Ngaski/Shanga/Yauri->Yauri/Shanga/Ngaski,Q111141713-1D8C332A-06B1-4A90-A48F-C739BCB8E974->NULL
->,Sylvester Obinna Ogbaga,PDP,Abakaliki/Izzi,Q35539906-319CCA33-01B6-4212-BED4-35DE870D5FE5->NULL
->,Taiwo Olukemi Oluga,APC,Ayedaade/Irewole/Isokan,Q111141684-41E85E15-BB16-4F20-897B-D35F1FE2DD91->NULL
->,Tajudeen Adekunle Obasa,PDP,Ojo,Q20685008-3BC67D27-B120-48AF-AB34-168C2C325C2C->NULL
->,Tajudeen Adeyemi Adefisoye,APC->SDP,Idanre/Ifedore,Q67099464-05D2647A-A186-4BCB-84F8-136537FBF063->NULL
->,Tajudeen Ayo Yusuf,PDP,NULL->Kabba/Bunu/Ijumu,Q107709606-E03AC8D1-20D3-4E1D-B78D-ED9B5CFB890B->NULL
->,Tango Bauchi Yaya,PDP->APC,"NULL->Gombe,kwami &Funakaye",Q111141704-F5CFEA14-152F-45FE-955C-75F595F9A062->NULL
->,Taofeek Abimbola Ajilesoro,PDP->APC,NULL->Ife Central/East/North/South,Q95692830-1269D65D-CDE5-49D0-87E4-60B09B290CA7->NULL
->,Tasir Olawale Raji,APC,Epe,Q111141685-F08A7684-9425-4E56-8F3A-C5F448F8DBD1->NULL
->,Tijani Ahmed Yusuf,APC,Okene/Ogori-Magogo,Q111141706-48778ED9-9914-4941-82CB-4E7810A84D30->NULL
->,Tijjani Abdulkadir Jobe,APC,Dawakin Tofa/Tofa/Rimin Gado->Dawakin-Tofa/Tofa/Rimin Gado,Q35536093-F941FFF8-AF7F-4FEC-B84A-B84892D91130->NULL
->,Tijjani Zannah Zakariya,APC,Machina/Nguru/Yusufari/Karasuwa->Machina/Nguru/Karasuwa/Yusufari,Q111141688-DBA7CE65-417B-46AD-9419-4CF168571B4F->NULL
->,Toby Okey Okechukwu,PDP,Aninri/Awgu/Oji River->Aninri/Agwu/Oji-uzo,Q35536347-532711AE-1625-473A-855A-185FA8F582E7->NULL
->,Tolulope Tiwalola Akande-sadipe,APC,Oluyole->Oluyole Local Govt.,Q102228500-BBB321D8-B045-42C3-9BC2-6658FB7905EB->NULL
->,Uchechukwu Nnam-obi,PDP,Ahoada West/Ogba Egbema,Q107337717-736E73B6-1CB5-4EC9-866A-AC2D0B0D2C8E->NULL
->,Uko Ndukwe Nkole,PDP,Arochukwu/Ohafia,Q35539294-AD902317-027D-45B6-9076-138395B49425->NULL
->,Umar Abdulkadir Sarki,PRP->ADC,Katagum,Q111141690-CF490C96-F7E5-4CED-86F4-AD876FD612CF->NULL
->,Umar Abdullahi Kamba,APC,Arewa/Dandi,Q111141693-B8487272-2686-468D-B131-CE8F2EEA60A6->NULL
->,Umar Muda Lawal,APC,Toro,Q111141694-F50A4BDC-1AAB-404D-92C2-DA4E8592294B->NULL
->,Umar Sani Dan galadima,APC->PDP,NULL->Kaura Namoda/Birnin Magaji,Q111141663-D19CD307-F952-4DC6-BE11-3F611F2050C9->NULL
->,Umeoji Chukwuma Michael,APC->APGA,NULL->Aguta,Q108028236-D89F5A7E-D97C-4A27-AFEE-E22EE313B6BB->NULL
->,Unyime Josiah Idem,PDP,Ukanafun/Oruk Anam->Ukanafun/Orukanam,Q71333232-ED65E425-EB16-4E50-8C3F-9A139E7A5C7A->NULL
->,Usman Abdullahi Gbatamangi->Abdullahi Usman,APC,Lavun/Mokwa/Edati,Q111141696-C2436967-D54C-4014-AFA1-C423CD4948C3->NULL
->,Usman Danjuma Shiddi,APC->APGA,Ibi/Wukari,Q35536154-C688DFE3-66F7-435E-B514-469432780B1C->NULL
->,Usman Ibrahim Auyo,APC,NULL->Hadejia/Kafin Hausa/Auyo,Q35538221-A84D113C-56E9-44DA-8D4F-6BC3D3FF4500->NULL
->,Usman Zannah,APC,Kaga/Gubio/Magumeri,Q111141698-B8E24F04-DE43-4AA3-89C1-8AD9BA7BD0C7->NULL
->,Uzoma Nkem Abonta,PDP,Ukwa East/Ukwa West,Q35538106-D2BE8F4C-3691-4A9F-A188-7BC8498C3999->NULL
->,Victor Mela,APC,Balanga/Billiri,Q69541341-FC753CEF-7FCA-48E8-9452-6C3682146A45->NULL
->,Victor Onyemaechi Nwokolo,PDP,Ika North East/Ika South->Ika,Q35536465-0136E619-0F00-456B-A9C0-B3808DF1174D->NULL
->,Wilfred Chukwuka Onyema,PDP,Ogbaru,Q35539769-C8B99070-F013-4320-98D6-C63A1A9B5405->NULL
->,Yakubu Dogara,APC->PDP,Bogoro/Dass/Tafawa Balewa,Q19957516-CEC96DAE-6249-4EE0-9A9A-DE8857C74127->NULL
->,Yakubu Shehu Abdullahi,APC->ADC,Bauchi,Q111141703-2623BDA4-E36E-4DBA-91E0-7197FE70592C->NULL
->,Yinusa Akintola Amobi,APC,Ayedire/Iwo/Ola-Oluwa,Q111141464-E9C6C710-1F0D-4346-ABFB-CAC3A5805E0E->NULL
+++,Yuguda Hassan Kila,APC,Gwaram,
->,Yunusa Ahmad Abubakar,APC,Yamaltu/Deba->Yamaltu-Deba,Q35536941-263B69C5-5A64-4E96-8CB1-70D860B938A6->NULL
->,Yusuf Ahmad Badau,APC,Shanono/Bagwai->Bagwai/Shanono,Q111141705-4DF6FBDF-D26E-4B2D-9D9C-8C4210AE8A6E->NULL
->,Yusuf Buba Yakub,APC,Gombi/Hong->Hong/Gombi,Q111141707-0CC2CC34-B3CB-4ECC-8315-09E308F899A7->NULL
->,Yusuf Miga,APC,Jahun/Miga,Q111141711-8346BFCB-DB7A-4C9A-8773-EE02DD23ECBB->NULL
->,Yusuf Shitu Galambi,APC,Gwaram,Q111141709-A2C15C86-4C4D-460A-BBDC-4F0C8C88A744->NULL
->,Zainab Gimba,APC,Bama/Ngala/Kala-Balge->Bama/Ngala/Kalabalge,Q101244291-018CCE0B-64F1-4D64-8667-DC17E0EAFE77->NULL
->,Zakaria Dauda Nyampa,PDP,Madagali/Michika->Michika/Madagali,Q111141715-EA19BBE9-9C9B-4DDD-BFF6-B357F3C41AE5->NULL
->,Zakariya'u Mohammed Galadima,APC,Bade/Jakusko,Q107001123-3ECDCBF5-E907-40FE-90E9-FBBCCEC940CA->NULL
->,Zayyad Ibrahim,APC,Igabi,Q104531233-1EEC13AE-5FA6-470A-A29E-C3FF320566B7->NULL
