position,person,personID,start,end,gender,DOB,DOD,image,enwiki
President,Olusegun Obasanjo,Q202006,1999-05-29,2007-05-29,male,1937-03-05,,Olusegun Obasanjo DD-SC-07-14396-cropped.jpg,Olusegun Obasanjo
President,Umaru Musa Yar'Adua,Q104705,2007-05-29,2010-05-05,male,1951-08-16,2010-05-05,Umaruyaradua07052007.jpg,Umaru Musa Yar'Adua
President,Goodluck Jonathan,Q57380,2010-05-05,2015-05-29,male,1957-11-20,,Goodluck Jonathan World Economic Forum 2013.jpg,Goodluck Jonathan
President,Muhammadu Buhari,Q361567,2015-05-29,,male,1942-12-17,,Muhammadu Buhari.jpg,Muhammadu Buhari
Vice President,Atiku Abubakar,Q755878,1999-05-29,2007-05-29,male,1946-11-25,,Atiku Abubakar.jpg,Atiku Abubakar
Vice President,Goodluck Jonathan,Q57380,2007-05-29,2010-05-05,male,1957-11-20,,Goodluck Jonathan World Economic Forum 2013.jpg,Goodluck Jonathan
Vice President,Namadi Sambo,Q2993602,2010-05-19,2015-05-29,male,1954-08-02,,Namadi Sambo.jpg,Namadi Sambo
Vice President,Yemi Osinbajo,Q19730927,2015-05-29,,male,1957-03-08,,Yemi Osinbajo 2017-05-27.jpg,Yemi Osinbajo
Minister of Agriculture and Rural Development,Audu Innocent Ogbeh,Q4820218,2015-11-11,2019-05-28,male,1947-07-28,,,Audu Innocent Ogbeh
Minister of Agriculture and Rural Development,Sabo Nanono,Q108041810,2019-08-21,2021-09-01,male,1946-04-11,,,Sabo Nanono
Minister of Agriculture and Rural Development,Muhammad Mahmood Abubakar,Q109252006,2021-09-01,,male,,,,
Minister of Aviation,Olusegun Agagu,Q7088858,1999-05-29,2000,male,1948-02-16,2013-09-13,,Olusegun Agagu
Minister of Aviation,Kema Chikwe,Q6386808,2001,2003,female,1951-09-14,,Kema chikwe.jpg,Kema Chikwe
Minister of Aviation,Babatunde Omotoba,Q4837548,2008-12-17,2010-03-17,male,1969-09-27,,,Babatunde Omotoba
Minister of Aviation,Fidelia Njeze,Q5446753,2010-04-06,2011-05-29,female,1964-06-08,,,Fidelia Njeze
Minister of Aviation,Oduah Stella,Q7607111,2011-07-04,2014-02-12,female,1962-01-05,,Princess Stella Oduah-Ogiemwonyi.jpg,Stella Oduah
Minister of Aviation,Osita Chidoka,Q54913558,2014-07,2015-05,male,1971-07-18,,,Osita Chidoka
Minister of Aviation,Sirika Hadi,Q7530281,2015-11-11,2019-05-28,male,1964-03-02,,HadiSirika.jpg,Hadi Sirika
Minister of Aviation,Sirika Hadi,Q7530281,2019-08-22,,male,1964-03-02,,HadiSirika.jpg,Hadi Sirika
Minister of Budget and National Planning,Shamsuddeen Usman,Q7487781,2009-01,2011-05-29,male,1949-09-18,,Shamsudeen.jpg,Shamsuddeen Usman
Minister of Budget and National Planning,Shamsuddeen Usman,Q7487781,2011-08,2013-09-11,male,1949-09-18,,Shamsudeen.jpg,Shamsuddeen Usman
Minister of Budget and National Planning,Clement Agba,Q107453260,2021-08-21,,male,1964,,,
Minister of Communications,Abdur-Raheem Adebayo Shittu,Q22002965,2015-11-11,2019-05-28,male,1953-03-23,,Abdur-Raheem Adebayo Shittu - ITU Telecom World 2016 - Ministerial Roundtable (22818514728).jpg,Abdur-Raheem Adebayo Shittu
Minister of Communications,Isa Ali Pantami,Q42916213,2019-08-21,,male,1972-10-20,,Pantami.jpg,Isa Ali Pantami
Minister of Defence,Theophilus Danjuma,Q7782290,1999-06,2003-05,male,1938-12-09,,TY-Danjuma2.gif,Theophilus Danjuma
Minister of Defence,Rabiu Kwankwaso,Q3509922,2003-07,2006-08,male,1956-10-21,,Dr Rabiu Musa Kwankwaso.jpg,Rabiu Kwankwaso
Minister of Defence,Thomas Aguiyi-Ironsi,Q7786963,2006-08-30,2007-07-26,male,,,,Thomas Aguiyi-Ironsi
Minister of Defence,Yayale Ahmed,Q8050511,2007-07-26,2008-09-08,male,1952-04-15,,Yayale Ahmed 2010.jpg,Yayale Ahmed
Minister of Defence,Shettima Mustapha,Q7495679,2008-12-17,2009-07-14,male,1939-11-26,,,Shettima Mustapha
Minister of Defence,Godwin Abbe,Q5576962,2009-07-14,2010-03-17,male,1949-01-10,,Godwin Abbe 2.jpg,Godwin Abbe
Minister of Defence,Adetokunbo Kayode,Q4682392,2010-04-06,2011-07,male,1958-10-31,,,Adetokunbo Kayode
Minister of Defence,Haliru Mohammed Bello,Q5642458,2011-07,2012-06-22,male,1945-10-09,,,Haliru Mohammed Bello
Minister of Defence,Olusola Obada,Q23011134,2012-07,2013-09,female,1951-06-27,,,Olusola Obada
Minister of Defence,Labaran Maku,Q17541403,2013-09,2014-03,male,1962-01-01,,,Labaran Maku
Minister of Defence,Aliyu Mohammed Gusau,Q4727556,2014-03-05,2015-05,male,1943-05-18,,,Aliyu Mohammed Gusau
Minister of Defence,Mansur Dan Ali,Q23541058,2015-11-11,2019-05-29,male,1959-08-25,,"Mansur Dan Ali - Sambisa Forest, 2017.png",Mansur Dan Ali
Minister of Defence,Bashir Salihi Magashi,Q4866857,2019-08-21,,male,,,,Bashir Salihi Magashi
Minister of Education,Adamu Adamu,Q41559149,2015-11-11,,male,1956-05-25,,Adam-Adamu.jpg,Adamu Adamu
Minister of the Environment,Iyorchia Ayu,Q15437956,2005-06,2005-12,male,,,,Iyorchia Ayu
Minister of the Environment,Amina J. Mohammed,Q4746340,2015-11-11,2016-12-15,female,1961-06-27,,Amina J. Mohammed in London - 2018 (41824822362) (cropped).jpg,Amina J. Mohammed
Minister of the Environment,Ibrahim Jibril,Q60318992,2016-12-15,2018-12-12,male,1958-01-27,,Ibrahim Jibril - 2018 (cropped).jpg,Ibrahim Usman Jibril
Minister of the Environment,Suleiman Hassan Zarma,Q111086001,2018-12-13,2019-05-28,male,,,,
Minister of the Environment,Muhammad Mahmood Abubakar,Q109252006,2019-08-21,,male,,,,
Minister of the Federal Capital Territory,Ibrahim Bunu,Q5984501,1999,2001-02-08,male,1950-12-25,,,Ibrahim Bunu
Minister of the Federal Capital Territory,Mohammed Abba Gana,Q6892827,2001-02-08,2003-07-17,male,1943,,,Mohammed Abba Gana
Minister of the Federal Capital Territory,Nasir Ahmad el-Rufai,Q6082944,2003-07-17,2007-07-27,male,1960-02-16,,,Nasir Ahmad el-Rufai
Minister of the Federal Capital Territory,Aliyu Modibbo Umar,Q4727559,2007-07-27,2008-10-29,male,1958-11-15,,,Aliyu Modibbo Umar
Minister of the Federal Capital Territory,Adamu Aliero,Q3510712,2008-12-17,2010-04-08,male,1957-01-01,,,Adamu Aliero
Minister of the Federal Capital Territory,Bala Mohammed,Q4849691,2010-04-08,2015-05-29,male,1958-10-05,,Kauranbauchi.jpg,Bala Mohammed
Minister of the Federal Capital Territory,Mohammed Musa Bello,Q59829052,2015-05-29,,male,1959-01,,,Mohammed Musa Bello
Minister of Finance,Adamu Ciroma,Q3914988,1999-06,2003-05,male,1934-11-20,2018-07-05,"Mallam Adamu Ciroma, IMF 62ph020927tl.jpg",Adamu Ciroma
Minister of Finance,Ngozi Okonjo-Iweala,Q289350,2003-07-15,2006-06-21,female,1954-06-13,,Ngozi Okonjo-Iweala - 2020 - 10 (cropped).jpg,Ngozi Okonjo-Iweala
Minister of Finance,Nenadi Usman,Q3510785,2006-07,2007-05,female,1966-11-12,,,Nenadi Usman
Minister of Finance,Shamsuddeen Usman,Q7487781,2007-06,2008-12,male,1949-09-18,,Shamsudeen.jpg,Shamsuddeen Usman
Minister of Finance,Mansur Muhtar,Q6751897,2008-12-17,2010-03-17,male,1959-09-21,,,Mansur Muhtar
Minister of Finance,Olusegun Olutoyin Aganga,Q7088859,2010-04-06,2011-06,male,1955,,"Aganga, Olusegun Olutoyin (IMF).jpg",Olusegun Olutoyin Aganga
Minister of Finance,Ngozi Okonjo-Iweala,Q289350,2011-08-17,2015-05-29,female,1954-06-13,,Ngozi Okonjo-Iweala - 2020 - 10 (cropped).jpg,Ngozi Okonjo-Iweala
Minister of Finance,Kemi Adeosun,Q21500792,2015-11-11,2018-09-14,female,1967-03-09,,,Kemi Adeosun
Minister of Finance,Zainab Ahmed,Q42559242,2018-09-14,,female,1960-06-16,,Zainab Ahmed - 2016.jpg,Zainab Ahmed
Minister of Foreign Affairs,Sule Lamido,Q3041557,1999,2003,male,1948-08-30,,,Sule Lamido
Minister of Foreign Affairs,Oluyemi Adeniji,Q7088880,2003-07,2006-06,male,1934-07-22,2017-11-26,"The External Affairs Minister Shri K. Natwar Singh meeting with the Foreign Minister of Nigeria Mr. Amb. Olu Adeniji in New Delhi on March 22, 2005.jpg",Oluyemi Adeniji
Minister of Foreign Affairs,Ngozi Okonjo-Iweala,Q289350,2006-06-21,2006-08-30,female,1954-06-13,,Ngozi Okonjo-Iweala - 2020 - 10 (cropped).jpg,Ngozi Okonjo-Iweala
Minister of Foreign Affairs,Joy Ogwu,Q3187207,2006-08-30,2007-05-29,female,1946-08-23,,,Joy Ogwu
Minister of Foreign Affairs,Ojo Maduekwe,Q3349989,2007-07-26,2010-03-17,male,1945-05-06,2016-06-29,Ojo Maduekwe cropped.jpg,Ojo Maduekwe
Minister of Foreign Affairs,Martin Ihoeghian Uhomoibhi,Q6775749,2010,2010,male,1954-11-03,,"Martin Uhomoibhi, Permanent Secretary in Ecuador.jpg",Martin Ihoeghian Uhomoibhi
Minister of Foreign Affairs,Henry Odein Ajumogobia,Q2014261,2010-04-06,2011-07-09,male,1956-06-29,,Henry Odein Ajumogobia and Clinton 2010 - crop.jpg,Henry Odein Ajumogobia
Minister of Foreign Affairs,Olugbenga Ashiru,Q18604150,2011,2013,male,1948-08-27,2014-11-29,Olugbenga Ashiru 2013.jpg,Olugbenga Ashiru
Minister of Foreign Affairs,Viola Onwuliri,Q22678155,2013,2014,female,1955-06-18,,Viola Onwuliri crop.jpg,Viola Onwuliri
Minister of Foreign Affairs,Aminu Bashir Wali,Q19834500,2014,2015,male,1941-08-03,,,Aminu Bashir Wali
Minister of Foreign Affairs,Geoffrey Onyeama,Q21467394,2015,,male,1956-02-02,,Geoffrey Onyeama (25864152320) (cropped).jpg,Geoffrey Onyeama
Minister of Health,Eyitayo Lambo,Q5422897,2003-07,2007-05,male,1944-12-28,,,Eyitayo Lambo
Minister of Health,Halima Tayo Alao,Q5642341,2005,2006-07,female,1956-12-06,,,Halima Tayo Alao
Minister of Health,Adenike Grange,Q4682217,2007-07-25,2008-03-26,female,,,,Adenike Grange
Minister of Health,Babatunde Osotimehin,Q4837550,2008-12-17,2010-03-17,male,1949-02-06,2017-06-04,Babatunde Osotimehin at the London Summit on Family Planning.jpg,Babatunde Osotimehin
Minister of Health,Onyebuchi Chukwu,Q7095166,2010-04-27,2014-10-20,male,1962-04-22,,Onyebuchi Chukwu.jpg,Onyebuchi Chukwu
Minister of Health,Isaac Folorunso Adewole,Q21062079,2015-11-11,2019-05,male,1954-05-05,,Prof. Isaac F. Adewole (cropped).jpg,Isaac Folorunso Adewole
Minister of Health,Osagie Emmanuel Ehanire,Q62670421,2019-08,,male,1946,,,Osagie Ehanire
"Minister of Humanitarian Affairs, Disaster Management and Social Development",Sadiya Umar Farouq,Q20195461,2019-08-21,,female,1974-11-05,,Sadiya Umaru Farouq.jpg,Sadiya Umar Farouq
"Minister of Industry, Trade and Investment",Iyorchia Ayu,Q15437956,1999-06,2001,male,,,,Iyorchia Ayu
"Minister of Industry, Trade and Investment",Magaji Muhammed,Q16105433,2003-05,2005-07-13,male,1940-12-31,2017-04-15,,Magaji Muhammed
"Minister of Industry, Trade and Investment",Charles Ugwuh,Q5083072,2007-07,2008-10,male,1942-12-03,,,Charles Ugwuh
"Minister of Industry, Trade and Investment",Olusegun Olutoyin Aganga,Q7088859,2011-07-11,2013-03-09,male,1955,,"Aganga, Olusegun Olutoyin (IMF).jpg",Olusegun Olutoyin Aganga
"Minister of Industry, Trade and Investment",Olusegun Olutoyin Aganga,Q7088859,2013-03-09,2015-05-29,male,1955,,"Aganga, Olusegun Olutoyin (IMF).jpg",Olusegun Olutoyin Aganga
"Minister of Industry, Trade and Investment",Okechukwu Enelamah,Q27967823,2015-11-11,2019-05-28,male,1965,,"Opening plenary session, 11 December 2017 (38276323924) (cropped).jpg",Okechukwu Enelamah
"Minister of Industry, Trade and Investment",Niyi Adebayo,Q13140763,2019-08-21,,male,1958,,,Niyi Adebayo
Minister of Information and Culture,Labaran Maku,Q17541403,2003-05,2007-05,male,1962-01-01,,,Labaran Maku
Minister of Information and Culture,Lai Mohammed,Q19561129,2015-11,,male,1951-12-06,,,Lai Mohammed
Minister of Interior,Sunday Afolabi,Q7639324,1999-06,2000-06,male,1931,2004-05,,Sunday Afolabi
Minister of Interior,Mohammed Shata,Q6893343,2000-06,2003-05,male,1950-01-15,,,Mohammed Shata
Minister of Interior,Iyorchia Ayu,Q15437956,2003-07,2005-06,male,,,,Iyorchia Ayu
Minister of Interior,Magaji Muhammed,Q16105433,2005-07-13,2006-06,male,1940-12-31,2017-04-15,,Magaji Muhammed
Minister of Interior,Oluyemi Adeniji,Q7088880,2006-06-21,2007-05,male,1934-07-22,2017-11-26,"The External Affairs Minister Shri K. Natwar Singh meeting with the Foreign Minister of Nigeria Mr. Amb. Olu Adeniji in New Delhi on March 22, 2005.jpg",Oluyemi Adeniji
Minister of Interior,Godwin Abbe,Q5576962,2007-07-26,2009-07-14,male,1949-01-10,,Godwin Abbe 2.jpg,Godwin Abbe
Minister of Interior,Shettima Mustapha,Q7495679,2009-07-14,2010-03-17,male,1939-11-26,,,Shettima Mustapha
Minister of Interior,Emmanuel Iheanacho,Q5373249,2010-04-06,2011-07,male,,,,Emmanuel Iheanacho
Minister of Interior,Patrick Abba Moro,Q19668719,2011-07,2015-05,male,1956-07-03,,,Abba Moro
Minister of Interior,Abdulrahman Bello Dambazau,Q20675806,2015-11,2019-05,male,1954-03-14,,,Abdulrahman Bello Dambazau
Minister of Interior,Rauf Aregbesola,Q7296120,2019-08,,male,1957-05-25,,Rauf Aregbesola.jpg,Rauf Aregbesola
Minister of Justice,Kanu Godwin Agabi,Q16150077,1999-06,2000-01,male,,,,Kanu Godwin Agabi
Minister of Justice,Bola Ige,Q3511524,2000-01-03,2001-12-23,male,1930-09-13,2001-12-23,,Bola Ige
Minister of Justice,Kanu Godwin Agabi,Q16150077,2002,2003,male,,,,Kanu Godwin Agabi
Minister of Justice,Bayo Ojo,Q4874679,2005-07,2007-07,male,,,,Bayo Ojo
Minister of Justice,Michael Aondoakaa,Q6828240,2007-07-26,2010-02-10,male,1962-06-12,,,Michael Aondoakaa
Minister of Justice,Adetokunbo Kayode,Q4682392,2010-02-10,2010-03-17,male,1958-10-31,,,Adetokunbo Kayode
Minister of Justice,Mohammed Bello Adoke,Q6893019,2010-04-06,2011-05-29,male,1963-09-01,,,Mohammed Bello Adoke
Minister of Justice,Mohammed Bello Adoke,Q6893019,2011-07-02,2015-05,male,1963-09-01,,,Mohammed Bello Adoke
Minister of Justice,Abubakar Malami,Q23714146,2015-11-11,,male,1967-04-17,,Abubakar Malami638.jpg,Abubakar Malami
Minister of Labour,Chris Ngige,Q3510794,2015-11-11,,male,1952-08-08,,Ngige.jpg,Chris Ngige
Minister of Mines and Steel Development,Diezani Alison-Madueke,Q3510695,2008-12-17,2010-03-17,female,1960-12-06,,Diezani K. Alison-Madueke - World Economic Forum on Africa 2012.jpg,Diezani Alison-Madueke
Minister of Mines and Steel Development,Kayode Fayemi,Q6380660,2015-11-11,2018-05-30,male,1965-02-09,,,Kayode Fayemi
Minister of Mines and Steel Development,Abubakar Bawa Bwari,Q111086007,2018-05-30,2019-05-28,male,,,,
Minister of Mines and Steel Development,Olamilekan Adegbite,Q75184824,2019-08,,male,,,,Olamilekan Adegbite
Minister of Niger Delta Affairs,Usani Uguru Usani,Q27914853,2015-11-11,2019-05-28,male,1961-01-27,,UsaniUguruUguru.jpg,Usani Uguru Usani
Minister of Niger Delta Affairs,Godswill Akpabio,Q5576947,2019-08-21,,male,1962-12-19,,Godswill Obot Akpabio (2012).jpg,Godswill Akpabio
Minister of Petroleum Resources,Muhammadu Buhari,Q361567,2015-11-11,,male,1942-12-17,,Muhammadu Buhari.jpg,Muhammadu Buhari
Minister of Police Affairs,Mohammed Maigari Dingyadi,Q108704107,2019-08-21,,male,1953,,,Mohammed Maigari Dingyadi
Minister of Power,Olusegun Agagu,Q7088858,2000,2002,male,1948-02-16,2013-09-13,,Olusegun Agagu
Minister of Power,Saleh Mamman,Q87966273,2019-08-21,2021-09-01,male,1958-01-02,,,Saleh Mamman
Minister of Power,Abubakar D. Aliyu,Q109661629,2021-09-01,,male,,,,
Minister of Science and Technology,Ogbonnaya Onu,Q13655513,2015-11-11,2019-05-28,male,1951-12-01,,Ogbonnaya Onu - 2018 (cropped).jpg,Ogbonnaya Onu
Minister of Science and Technology,Ogbonnaya Onu,Q13655513,2019-06-14,,male,1951-12-01,,Ogbonnaya Onu - 2018 (cropped).jpg,Ogbonnaya Onu
Minister of Special Duties and Inter-Governmental Affairs,George Akume,Q3510803,2019-07-23,,male,1953-12-27,,,George Akume
Minister of Transportation,Kema Chikwe,Q6386808,1999-06,2001,female,1951-09-14,,Kema chikwe.jpg,Kema Chikwe
Minister of Transportation,Diezani Alison-Madueke,Q3510695,2007-07-26,2008-12-17,female,1960-12-06,,Diezani K. Alison-Madueke - World Economic Forum on Africa 2012.jpg,Diezani Alison-Madueke
Minister of Transportation,Rotimi Amaechi,Q7370548,2019-08-21,,male,1965-05-27,,Chibuike Amaechi (cropped).jpg,Rotimi Amaechi
Minister of Water Resources,Suleiman Adamu Kazaure,Q66309786,2015-11,,male,1963-04-19,,,Suleiman Adamu Kazaure
Minister of Women Affairs and Social Development,Aisha Jummai,Q4699144,2015-11-11,2018-09-29,female,1959-09-16,,,Aisha Alhassan
Minister of Women Affairs and Social Development,Aisha Abubakar,Q42588916,2018-09-30,2019-05-28,female,1966-07-20,,,Aisha Abubakar
Minister of Women Affairs and Social Development,Pauline Tallen,Q27830470,2021-08-21,,female,1959-01-08,,,Pauline Tallen
Minister of Works and Housing,Babatunde Fashola,Q62356,2015-11-11,,male,1963-06-28,,Babatunde Fashola.jpg,Babatunde Fashola
Minister of Youth and Sports,Solomon Dalung,Q61630007,2015-11-11,2019-05-28,male,1964-09-26,,,Solomon Dalung
Minister of Youth and Sports,Sunday Dare,Q65953957,2021-08-21,,male,1966-05-29,,,Sunday Akin Dare
Minister of State for Agriculture and Rural Development,Fidelia Njeze,Q5446753,2008-12-17,2010-03-17,female,1964-06-08,,,Fidelia Njeze
Minister of State for Agriculture and Rural Development,Heineken Lokpobiri,Q13140667,2015-11-11,2019-05-28,male,1967-03-03,,,Heineken Lokpobiri
Minister of State for Agriculture and Rural Development,Mustapha Baba Shehuri,Q99162710,2019-08-21,,male,1961-07-04,,,Mustapha Baba Shehuri
Minister of State for Budget and National Planning,Zainab Ahmed,Q42559242,2015-11-11,2018-09-19,female,1960-06-16,,Zainab Ahmed - 2016.jpg,Zainab Ahmed
Minister of State for Budget and National Planning,Udoma Udo Udoma,Q7877282,2015-11-11,2019-05-28,male,1954-02-26,,,Udoma Udo Udoma
Minister of State for Education,Anthony Onwuka,Q41560178,2015-11-11,2019-05-28,male,1951,,,Anthony Anwuka
Minister of State for Education,Chukwuemeka Nwajiuba,Q66901800,2019-08-21,,male,1967,,,Chukwuemeka Nwajiuba
Minister of State for Environment,Ibrahim Jibril,Q60318992,2015-11-11,2016-12-15,male,1958-01-27,,Ibrahim Jibril - 2018 (cropped).jpg,Ibrahim Usman Jibril
Minister of State for Environment,Sharon Ikeazor,Q66309734,2019-08-21,,female,1961,,Sharon Ikeazor.jpeg,Sharon Ikeazor
Minister of State for Federal Capital Territory,Ramatu Tijjani Aliyu,Q65938686,2019-08-19,,female,1970-06-12,,,Ramatu Tijani Aliyu
Minister of State for Foreign Affairs,Khadija Bukar Abba Ibrahim,Q18129932,2015-11-11,2019-01-09,female,1967-01-06,,,Khadija Bukar Abba Ibrahim
Minister of State for Foreign Affairs,Zubairu Dada,Q101693651,2021-08-21,,male,1952-03-28,,,Zubairu Dada
Minister of State for Health,Osagie Emmanuel Ehanire,Q62670421,2015-11-11,2019-05-28,male,1946,,,Osagie Ehanire
Minister of State for Health,Adeleke Mamora,Q4681916,2019-08-21,,male,1953-02-16,,,Adeleke Mamora
"Minister of State for Industry, Trade and Investment",Aisha Abubakar,Q42588916,2015-11-11,2018-09-30,female,1966-07-20,,,Aisha Abubakar
"Minister of State for Industry, Trade and Investment",Mariam Yalwaji Katagum,Q73590469,2019-08-21,,female,1954,,,Mariam Yalwaji Katagum
Minister of State for Labour and Employment,James Ocholi,Q23022601,2015-11-11,2016-03-06,male,1960-11-26,2016-03-06,,James Ocholi
Minister of State for Labour and Employment,Stephen Ocheni,Q61995784,2017-08-16,2019-05-28,male,1959-06-25,,,Stephen Ocheni
Minister of State for Labour and Employment,Omotayo Alasoadura,Q107491747,2019-08-21,2019-09-24,male,1949,,,Tayo Alasoadura
Minister of State for Labour and Employment,Festus Keyamo,Q19667657,2019-09-24,,male,1970-01-21,,Festus Keyamo at Mojeec International 2020 07.jpg,Festus Keyamo
Minister of State for Mines and Steel Development,Abubakar Bawa Bwari,Q111086007,2015-11-11,2018-05-30,male,,,,
Minister of State for Mines and Steel Development,Uchechukwu Sampson Ogah,Q18355928,2019-08-21,,male,1969-12-22,,UcheOgah.jpg,Uche Ogah
Minister of State for Niger Delta Affairs,Omole Daramola,Q111086014,2015-11-11,2019-05-28,male,,,,
Minister of State for Niger Delta Affairs,Festus Keyamo,Q19667657,2019-08-21,2019-09-24,male,1970-01-21,,Festus Keyamo at Mojeec International 2020 07.jpg,Festus Keyamo
Minister of State for Niger Delta Affairs,Omotayo Alasoadura,Q107491747,2019-09-24,,male,1949,,,Tayo Alasoadura
Minister of State for Petroleum Resources,Emmanuel Ibe Kachikwu,Q22005714,2015-11-11,2019-05-28,male,1956-12-18,,,Emmanuel Ibe Kachikwu
Minister of State for Petroleum Resources,Timipre Sylva,Q3509607,2019-08-21,,male,1964-07-07,,Timipre Sylva.jpg,Timipre Sylva
Minister of State for Power,Goddy Jedy Agba,Q66039284,2019-08-21,,male,1958-08-20,,,Goddy Jedy Agba
"Minister of State for Power, Works and Housing",Mustapha Baba Shehuri,Q99162710,2015-11-11,2019-05-28,male,1961-07-04,,,Mustapha Baba Shehuri
"Minister of State for Power, Works and Housing",Suleiman Hassan Zarma,Q111086001,2017-08-16,2018-12-13,male,,,,
"Minister of State for Science, Technology and Innovation",Mohammed Hassan Abdullahi,Q101245550,2019-08-21,,male,1968-04-21,,MOHAMMED HASSAN ABDULLAHI.jpg,Mohammed Hassan Abdullahi
Minister of State for Transportation,Rotimi Amaechi,Q7370548,2015-11-11,2019-05-28,male,1965-05-27,,Chibuike Amaechi (cropped).jpg,Rotimi Amaechi
Minister of State for Transportation,Gbemisola Ruqayyah Saraki,Q5529326,2019-08-21,,female,1965,,,Gbemisola Ruqayyah Saraki
Minister of State for Works and Housing,Abubakar D. Aliyu,Q109661629,2019-08-21,2021-09-01,male,,,,
Minister of State for Works and Housing,Muazu Sambo,Q111079726,2021-12-24,,male,,,,
Chief of Staff to the President,Abdullahi Mohammed,Q4666134,1999-05-29,2008-06-02,male,1939,,,Abdullahi Mohammed
Chief of Staff to the President,Gbolade Osinowo,Q111079462,2008-06-02,2008-09-18,male,,,,
Chief of Staff to the President,Mike Oghiadomhe,Q21063329,2010-05-17,2014-02-10,male,1955-09-04,,,Mike Oghiadomhe
Chief of Staff to the President,Jones Arogbofa,Q97261029,2014-02-18,2015-05-29,male,1952-11-10,,,Jones Arogbofa
Chief of Staff to the President,Abba Kyari,Q21002307,2015-08-27,2020-04-17,male,1952-09-23,2020-04-17,,Abba Kyari
Chief of Staff to the President,Ibrahim Gambari,Q953167,2020-05-13,,male,1944-11-24,,"Ibrahim Gambari, UNDP-USA-159HR-09 crop.jpg",Ibrahim Gambari
Secretary to the Government,Ufot Ekaette,Q7877539,1999-05-29,2007-05-28,male,1939,,,Ufot Ekaette
Secretary to the Government,Baba Gana Kingibe,Q4837296,2007-05-29,2008-10-08,male,1945-06-25,,,Baba Gana Kingibe
Secretary to the Government,Yayale Ahmed,Q8050511,2008-10-08,2011-05-29,male,1952-04-15,,Yayale Ahmed 2010.jpg,Yayale Ahmed
Secretary to the Government,Anyim Pius Anyim,Q4778251,2011-05-01,2015-05-29,male,1961-02-19,,,Anyim Pius Anyim
Secretary to the Government,Ogbonnaya Onu,Q13655513,2015-06-01,2015-08-27,male,1951-12-01,,Ogbonnaya Onu - 2018 (cropped).jpg,Ogbonnaya Onu
Secretary to the Government,Babachir David Lawal,Q21067202,2015-08-27,2017-10-29,male,1964-10-02,,,Babachir David Lawal
Secretary to the Government,Habibat Lawal,Q111085760,2017-04-19,2017-11-01,female,1963-06-03,,,
Secretary to the Government,Boss Mustapha,Q47363740,2017-11-01,,male,,,,Boss Mustapha
Attorney General,Abubakar Malami,Q23714146,2015-11-11,,male,1967-04-17,,Abubakar Malami638.jpg,Abubakar Malami
Chief Justice,Mohammed Uwais,Q6893387,1995,2006,male,1936-06-12,,,Mohammed Uwais
Chief Justice,Salihu Moddibo Alfa Belgore,Q13140564,2006,2007,male,1937-01-17,,,Salihu Modibbo Alfa Belgore
Chief Justice,Idris Legbo Kutigi,Q5989684,2007,2009,male,1939-12-31,2018-10-21,,Idris Legbo Kutigi
Chief Justice,A. I. Katsina-Alu,Q1645250,2009,2011,male,1941-08-28,2018-07-18,,A. I. Katsina-Alu
Chief Justice,Dahiru Musdapher,Q5208845,2011,2012,male,1942-07-15,2018-01-22,,Dahiru Musdapher
Chief Justice,Aloma Mariam Mukhtar,Q4734320,2012,2014,female,1944-11-20,,,Aloma Mariam Mukhtar
Chief Justice,Mahmud Mohammed,Q20642015,2014,2016,male,1946-11-10,,,Mahmud Mohammed
Chief Justice,Walter Samuel Nkanu Onnoghen,Q16733797,2017-03-06,2019-01-25,male,1950-12-22,,,Walter Onnoghen
Chief Justice,Ibrahim Tanko Muhammad,Q19958154,2019-01-25,,male,1953-12-31,,,Tanko Muhammad
President of the Senate,Chuba Okadigbo,Q2967578,1999,2000,male,1941-12-17,2003-09-25,,Chuba Okadigbo
President of the Senate,Anyim Pius Anyim,Q4778251,2000-08,2003-05,male,1961-02-19,,,Anyim Pius Anyim
President of the Senate,Adolphus Wabara,Q4684485,2003,2005,male,1948-06-01,,,Adolphus Wabara
President of the Senate,Ken Nnamani,Q6388239,2005-04-05,2007-05,male,1948-11-02,,,Ken Nnamani
President of the Senate,David Mark,Q459205,2007-06-06,2015-06-06,male,1948-04-18,,,David Mark
President of the Senate,Bukola Saraki,Q4986999,2015-06-09,2019-06-11,male,1962-12-19,,"Bukola Saraki, October 2017 (cropped).jpg",Bukola Saraki
President of the Senate,Ahmed Lawan,Q4695864,2019-06-11,,male,1959,,Ahmed Ibrahim Lawan.jpg,Ahmad Lawan
Speaker of the House of Representatives,Salisu Buhari,Q18353733,1999,2000,male,,,,Salisu Buhari
Speaker of the House of Representatives,Ghali Umar Na'Abba,Q5555270,2000,2003,male,1964,,,Ghali Umar Na'Abba
Speaker of the House of Representatives,Aminu Bello Masari,Q18098561,2003,2007,male,1950-05,,Aminu B Masari.jpg,Aminu Bello Masari
Speaker of the House of Representatives,Patricia Etteh,Q7145570,2007-06-06,2007-10-30,female,1953-08-17,,,Patricia Etteh
Speaker of the House of Representatives,Dimeji Bankole,Q1225695,2007-11-01,2011-05-29,male,1969-11-14,,Oladimeji Sabur Bankole.jpg,Dimeji Bankole
Speaker of the House of Representatives,Aminu Waziri Tambuwal,Q4746479,2011-06,2015-06,male,1966-01-10,,Aminu Waziri Tambuwal (cropped).jpg,Aminu Tambuwal
Speaker of the House of Representatives,Dogara Yakubu,Q19957516,2015,2019,male,1967-12-26,,3R3A5379.jpg,Yakubu Dogara
Speaker of the House of Representatives,Femi Gbaja Biamila,Q5442793,2019-06-12,,male,1962-06,,Femi Gbajabiamila 2018.png,Femi Gbajabiamila
Chief of Defence Staff,Ibrahim Ogohi,Q89680786,1999-05-29,2003-06-27,male,1948,,,Ibrahim Ogohi
Chief of Defence Staff,Alexander Ogomudia,Q4719782,2003-06-27,2006-06-01,male,1949-12-29,,,Alexander Ogomudia
Chief of Defence Staff,Martin Luther Agwai,Q6776044,2006-06-01,2007-05-25,male,1948-11-08,,GEN (R) Martin L. Agwai - Panel Discussion - African Land Forces Summit - May 2010.jpg,Martin Luther Agwai
Chief of Defence Staff,Owoye Andrew Azazi,Q7114962,2007-05-25,2008-08-20,male,1952-02-01,2012-12-15,General Owoye Azazi 2008.jpeg,Owoye Andrew Azazi
Chief of Defence Staff,Paul Dike,Q1420311,2008-08-20,2010-09-08,male,1950,,,Paul Dike
Chief of Defence Staff,Oluseyi Petinrin,Q16186835,2010-09-08,2012-10-05,male,1955-01-19,,,Oluseyi Petinrin
Chief of Defence Staff,Ola Ibrahim,Q16186714,2012-10-05,2014-01-16,male,1955-06-15,,Olaibrahim.jpg,Ola Ibrahim
Chief of Defence Staff,Alex Sabundu Badeh,Q18097420,2014-01-16,2015-07-13,male,1957-01-10,2018-12-18,Alex Sabundu Badeh's Retirement.jpg,Alex Badeh
Chief of Defence Staff,Abayomi Olonisakin,Q20740520,2015-07-13,2021-01-26,male,1961-12-02,,"Gen. Abayomi Gabriel Olonisakin, from African Land Force Summit2018 with Nigerian CoD (cropped).jpg",Abayomi Olonisakin
Chief of Defence Staff,Lucky Irabor,Q105084418,2021-01-26,,male,1965-10-05,,Gen Lucky Irabor portrait.jpg,Lucky Irabor
Governor of the Central Bank,Joseph Oladele Sanusi,Q6285929,1999-05-29,2004-05-29,male,1938-09-24,,,Joseph Oladele Sanusi
Governor of the Central Bank,Charles Chukwuma Soludo,Q3511696,2004-05-29,2009-05-29,male,1960-07-28,,,Charles Chukwuma Soludo
Governor of the Central Bank,Sanusi Lamido Sanusi,Q3791488,2009-06-03,2014-02-20,male,1961-07-31,,Sanusi Lamido Sanusi 2011 Shankbone.JPG,Sanusi Lamido Sanusi
Governor of the Central Bank,Sarah Alade,Q16145904,2014-02-20,2014-06-03,female,,,,Sarah Alade
Governor of the Central Bank,Godwin Emefiele,Q16728824,2014-06-03,,male,1961-08-04,,,Godwin Emefiele
First Lady,Stella Obasanjo,Q469880,1999-05-29,2005-10-23,female,1945-11-14,2005-10-23,,Stella Obasanjo
First Lady,Turai Yar'Adua,Q7853663,2007-05-29,2010-05-05,female,1957-07,,Turai Yar'Adua.jpg,Turai Yar'Adua
First Lady,Patience Jonathan,Q7144934,2010-05-06,2015-05-29,female,1957-10-25,,Patience Jonathan.jpg,Patience Jonathan
First Lady,Aisha Buhari,Q20090072,2015-05-29,,female,1971-02-17,,The First Lady of Nigeria Her Excellency Aisha Buhari.jpg,Aisha Buhari
Chief of Army Staff,Victor Malu,Q14479063,1999-05,2001-04,male,1947-01-15,2017-10-09,,Victor Malu
Chief of Army Staff,Alexander Ogomudia,Q4719782,2001-04,2003-06,male,1949-12-29,,,Alexander Ogomudia
Chief of Army Staff,Martin Luther Agwai,Q6776044,2003-06,2006-06,male,1948-11-08,,GEN (R) Martin L. Agwai - Panel Discussion - African Land Forces Summit - May 2010.jpg,Martin Luther Agwai
Chief of Army Staff,Owoye Andrew Azazi,Q7114962,2006-06-01,2007-05,male,1952-02-01,2012-12-15,General Owoye Azazi 2008.jpeg,Owoye Andrew Azazi
Chief of Army Staff,Luka Yusuf,Q23071624,2007-06,2008-08,male,1952-09-22,2009-06-02,,Luka Yusuf
Chief of Army Staff,Abdulrahman Bello Dambazau,Q20675806,2008,2010,male,1954-03-14,,,Abdulrahman Bello Dambazau
Chief of Army Staff,Azubuike Ihejirika,Q18684390,2010-09,2014-01,male,1956-02-13,,,Azubuike Ihejirika
Chief of Army Staff,Kenneth Minimah,Q19667813,2014-01,2015-07,male,1959-07-27,,,Kenneth Minimah
Chief of Army Staff,Tukur Yusuf Buratai,Q20794864,2015-07-13,2021-01-26,male,1960-11-24,,"Lt. Gen. Tukru Yusuf Buratai, Chief of Army Staff, from African Land Force Summit2018 with Nigerian CoD (cropped).jpg",Tukur Yusuf Buratai
Chief of Army Staff,Ibrahim Attahiru,Q105082321,2021-01-26,2021-05-21,male,1966-08-10,2021-05-21,21st Chief of Army Staff (Nigerian Army).jpg,Ibrahim Attahiru
Chief of Army Staff,Faruk Yahaya,Q108901870,2021-05-27,,male,1966-01-05,,,Faruk Yahaya
Chief of Naval Staff,Victor Karipiri Ombu,Q111078549,1999,2001,male,1947-08-10,,,
Chief of Naval Staff,Samuel Olajide Afolayan,Q111078550,2001,2005,male,1948-01-15,,,
Chief of Naval Staff,Ganiyu Tunde Adegboyega Adekeye,Q111078551,2005,2008,male,,,,
Chief of Naval Staff,Ishaya Ibrahim,Q26251264,2008,2010,male,1952-09-19,,,Ishaya Ibrahim
Chief of Naval Staff,Ola Ibrahim,Q16186714,2010,2012,male,1955-06-15,,Olaibrahim.jpg,Ola Ibrahim
Chief of Naval Staff,Dele Joseph Ezeoba,Q18685677,2012,2013,male,1958-07,,"The CNS Nigerian Navy, Vice Admiral D.J. Ezeoba paying homage at Amar Jawan Jyoti, India Gate, in New Delhi on December 09, 2013.jpg",Dele Joseph Ezeoba
Chief of Naval Staff,Usman Oyibe Jibrin,Q21062617,2013,2015,male,1959-09-25,,"Vice Adm. U.O. Jibrin, Chief of the Naval Staff, Nigerian navy.jpg",Usman Oyibe Jibrin
Chief of Naval Staff,Ibok Ekwe Ibas,Q20740980,2015-07,2021-01,male,1960-09-27,,Ibok-Ete Ibas.jpg,Ibok Ekwe Ibas
Chief of Naval Staff,Awwal Zubairu Gambo,Q105083954,2021-01,,male,1966-04-22,,Awwal Zubairu Gambo portrait.jpg,Awwal Zubairu Gambo
Chief of Air Staff,Isaac Alfa,Q6075829,1999-05-29,2001-04-23,male,1950-09-15,,Senisaacalfa.jpg,Isaac Alfa
Chief of Air Staff,Jonah Wuyep,Q6271948,2001-04-24,2006-05-31,male,1948-11-23,,,Jonah Wuyep
Chief of Air Staff,Paul Dike,Q1420311,2006-06-01,2008-08-19,male,1950,,,Paul Dike
Chief of Air Staff,Oluseyi Petinrin,Q16186835,2008-08-20,2010-09-18,male,1955-01-19,,,Oluseyi Petinrin
Chief of Air Staff,Mohammed Dikko Umar,Q111078726,2010-09-19,2012-10-03,male,,,,
Chief of Air Staff,Alex Sabundu Badeh,Q18097420,2012-10-04,2014-01-15,male,1957-01-10,2018-12-18,Alex Sabundu Badeh's Retirement.jpg,Alex Badeh
Chief of Air Staff,Adesola Nunayon Amosu,Q18666254,2014-01-16,2015-07-12,male,1958-08-01,,,Adesola Nunayon Amosu
Chief of Air Staff,Sadique Abubakar,Q20675812,2015-07-13,2021-01-26,male,1960-04-08,,,Sadique Abubakar
Chief of Air Staff,Isiaka Oladayo Amao,Q105083934,2021-01-26,,male,1960-04-08,,Isiaka Amao.jpg,Isiaka Oladayo Amao
Director General of the State Security Service,Kayode Are,Q6380658,1999-05,2007-08,male,,,,Kayode Are
Director General of the State Security Service,Afakriya Gadzama,Q4688786,2007-08,2010-09,male,1953-11-22,,Mr A-Gadzama addressing at event- 2014-02-22 15-34.jpg,Afakriya Gadzama
Director General of the State Security Service,Ita Ekpeyong,Q16728788,2010-09,2015-07,male,,,,Ita Ekpeyong
Director General of the State Security Service,Lawal Musa Daura,Q20676385,2015-07,2018-08,male,1953-08-05,,,Lawal Musa Daura
Director General of the State Security Service,Matthew Seiyefa,Q56249763,2018-08-07,2018-09-14,male,1960-10-17,,,Matthew Seiyefa
Director General of the State Security Service,Yusuf Magaji Bichi,Q78870598,2018-09-14,,male,1956-02-23,,Yusuf Magaji Bichi.jpg,Yusuf Magaji Bichi
Director General of the National Intelligence Agency,Uche O. Okeke,Q111079807,1999,2007,male,,,,
Director General of the National Intelligence Agency,Emmanuel E. Imohe,Q111079804,2007,2009-09,male,,,,
Director General of the National Intelligence Agency,Olaniyi Oladeji,Q111079803,2009-09,2013-10,male,,,,
Director General of the National Intelligence Agency,Ayo Oke,Q29514889,2013-11-07,2017-10,male,,,,Ayo Oke
Director General of the National Intelligence Agency,Ahmed Rufai Abubakar,Q83154428,2018-01-10,,male,,,,Ahmed Rufai Abubakar
Chief of Defence Intelligence,Joseph Ajayi,Q111079375,1999-07,2005-09,male,,,,
Chief of Defence Intelligence,A.M. Halidu-Giwa,Q111079373,2005-12,2007-08,male,,,,
Chief of Defence Intelligence,Mohammed Said,Q111079384,2005-12,2007-08,male,,,,
Chief of Defence Intelligence,Babagana Monguno,Q21063459,2009-07,2011-09,male,,,Babagana Monguno MSC 2018 (cropped).jpg,Babagana Monguno
Chief of Defence Intelligence,Sani Yakubu Audu,Q111079377,2011-09,2014-02,male,,,,
Chief of Defence Intelligence,Gabriel Okoi,Q111079378,2014-02,2015-07,male,,,,
Chief of Defence Intelligence,Riku Morgan,Q21063488,2015-07,2016-01,male,,,,Riku Morgan
Chief of Defence Intelligence,John Saduana Davies,Q111079379,2016-01,2016-07,male,,,,
Chief of Defence Intelligence,Mohammed Saliu Usman,Q111079380,2016-07,,male,,,,
Deputy President of the Senate,Ibrahim Mantu,Q108443479,2003,2007,male,1947,2021,,Ibrahim Mantu
Deputy President of the Senate,Ike Ekweremadu,Q13140687,2007-04,2019-06-11,male,1962-05-12,,Huriwa2gk-is-565.png,Ike Ekweremadu
Deputy President of the Senate,Ovie Omo-Agege,Q55080914,2019-06-11,,male,1963-08-03,,,Ovie Omo-Agege
Governor of Abia State,Orji Uzor Kalu,Q738816,1999-05-29,2007-05-29,male,1960-04-21,,,Orji Uzor Kalu
Governor of Abia State,Theodore Orji,Q3510938,2007-05-29,2015-05-29,male,1950,,,Theodore Orji
Governor of Abia State,Victor Okezie Ikpeazu,Q19958158,2015-05-29,,male,1964-10-18,,Okezie Ikpeazu portrait.png,Okezie Ikpeazu
Governor of Adamawa State,Boni Haruna,Q3510778,1999-05-29,2007-05-29,male,1957-06-12,,,Boni Haruna
Governor of Adamawa State,Murtala Nyako,Q6939711,2007-05-29,2008-02-26,male,1942-08-27,,,Murtala Nyako
Governor of Adamawa State,James Shaibu Barka,Q6142964,2008-02-26,2008-04-29,male,1961,,,James Shaibu Barka
Governor of Adamawa State,Murtala Nyako,Q6939711,2008-04-29,2014-07-15,male,1942-08-27,,,Murtala Nyako
Governor of Adamawa State,Umaru Fintiri,Q61732418,2014-07-15,2014-10-01,male,1967-10-27,,,Ahmadu Umaru Fintiri
Governor of Adamawa State,Bala James Ngilari,Q61733016,2014-10-01,2015-05-29,male,,,,Bala James Ngilari
Governor of Adamawa State,Bindo Jibrilla,Q4914035,2015-05-29,2019-05-29,male,1963-06-16,,,Bindo Jibrilla
Governor of Adamawa State,Umaru Fintiri,Q61732418,2019-05-29,,male,1967-10-27,,,Ahmadu Umaru Fintiri
Governor of Akwa Ibom State,Victor Attah,Q3510738,1999-05-29,2007-05-29,male,1938-11-20,,Obong Victor Attah.jpg,Victor Attah
Governor of Akwa Ibom State,Godswill Akpabio,Q5576947,2007-05-29,2015-05-29,male,1962-12-19,,Godswill Obot Akpabio (2012).jpg,Godswill Akpabio
Governor of Akwa Ibom State,Udom Gabriel Emmanuel,Q20982220,2015-05-29,,male,1966-07-11,,Udom Emmanuel.jpg,Udom Gabriel Emmanuel
Governor of Anambra State,Chinwoke Mbadinuju,Q5101381,1999-05-29,2003-05-29,male,1945-06-14,,,Chinwoke Mbadinuju
Governor of Anambra State,Chris Ngige,Q3510794,2003-05-29,2006-03-17,male,1952-08-08,,Ngige.jpg,Chris Ngige
Governor of Anambra State,Peter Obi,Q3510850,2006-03-17,2006-11-03,male,1961-07-19,,Peter Obi in Washington (cropped).jpg,Peter Obi
Governor of Anambra State,Virginia Etiaba,Q3510844,2006-11-03,2007-02-09,female,1942-11-11,,,Virginia Etiaba
Governor of Anambra State,Peter Obi,Q3510850,2007-02-09,2007-05-27,male,1961-07-19,,Peter Obi in Washington (cropped).jpg,Peter Obi
Governor of Anambra State,Emmanuel Nnamdi Uba,Q5373308,2007-05-27,2007-06-14,male,1958-12-14,,,Emmanuel Nnamdi Uba
Governor of Anambra State,Peter Obi,Q3510850,2007-06-14,2014-03-17,male,1961-07-19,,Peter Obi in Washington (cropped).jpg,Peter Obi
Governor of Anambra State,Willie Obiano,Q19671604,2014-03-17,,male,1955-08-08,,Picture of Governor Willie Obiano at the Funeral of Bishop Okafor (cropped).jpg,Willie Obiano
Governor of Bauchi State,Adamu Mu'azu,Q3510746,1999-05-29,2007-05-29,male,1955-06-11,,,
Governor of Bauchi State,Isa Yuguda,Q6075740,2007-05-29,2015-05-29,male,1956-06-15,,,Isa Yuguda
Governor of Bauchi State,Mohammed Abdullahi Abubakar,Q20810373,2015-05-29,2019-05-29,male,1956-12-11,,Muhammed Abubakar.png,Mohammed Abdullahi Abubakar
Governor of Bauchi State,Bala Mohammed,Q4849691,2019-05-29,,male,1958-10-05,,Kauranbauchi.jpg,Bala Mohammed
Governor of Bayelsa State,Diepreye Alamieyeseigha,Q718506,1999-05-29,2005-12-09,male,1952-11-16,2015-10-10,ChiefDiepreyeAlamieyeseigha.jpg,Diepreye Alamieyeseigha
Governor of Bayelsa State,Goodluck Jonathan,Q57380,2005-12-09,2007-05-29,male,1957-11-20,,Goodluck Jonathan World Economic Forum 2013.jpg,Goodluck Jonathan
Governor of Bayelsa State,Timipre Sylva,Q3509607,2007-05-29,2008-04-16,male,1964-07-07,,Timipre Sylva.jpg,Timipre Sylva
Governor of Bayelsa State,Werinipre Seibarugo,Q7983294,2008-04-16,2008-05-27,male,,,,Werinipre Seibarugo
Governor of Bayelsa State,Timipre Sylva,Q3509607,2008-05-27,2012-01-27,male,1964-07-07,,Timipre Sylva.jpg,Timipre Sylva
Governor of Bayelsa State,Nestor Binabo,Q6997953,2012-01-27,2012-02-14,male,,,,Nestor Binabo
Governor of Bayelsa State,Seriake Dickson,Q5720323,2012-02-14,2020-02-14,male,1966-01-28,,Seriake dickson.jpg,Henry Seriake Dickson
Governor of Bayelsa State,Douye Diri,Q35539386,2020-02-14,,male,1959-06-04,,,Douye Diri
Governor of Benue State,George Akume,Q3510803,1999-05-29,2007-05-29,male,1953-12-27,,,George Akume
Governor of Benue State,Gabriel Suswam,Q5515869,2007-05-29,2015-05-29,male,1964-11-15,,,Gabriel Suswam
Governor of Benue State,Samuel Ioraer Ortom,Q18354225,2015-05-29,,male,1961-04-23,,,Samuel Ortom
Governor of Borno State,Mala Kachalla,Q6740685,1999-05-29,2003-05-29,male,1941,2007-04-18,,Mala Kachalla
Governor of Borno State,Ali Modu Sheriff,Q3510727,2003-05-29,2011-05-29,male,1956,,Ali Modu Sherrff crop 2007.jpg,Ali Modu Sheriff
Governor of Borno State,Kashim Shettima,Q6374297,2011-05-29,2019-05-29,male,1966-09-02,,"Kashim Shettima - Sambisa Forest, 2017.png",Kashim Shettima
Governor of Borno State,Babagana Umara Zulum,Q62059920,2019-05-29,,male,1969-08-26,,,Babagana Umara Zulum
Governor of Cross River State,Donald Duke,Q3034236,1999-05-29,2007-05-29,male,1961-09-30,,,Donald Duke
Governor of Cross River State,Liyel Imoke,Q6660017,2007-05-29,2015-05-29,male,1961-07-10,,,Liyel Imoke
Governor of Cross River State,Benedict Ayade,Q4887251,2015-05-29,,male,1969-03-02,,Ben-ayade-1.jpg,Benedict Ayade
Governor of Delta State,James Ibori,Q379547,1999-05-29,2007-05-29,male,1959-08-04,,,James Ibori
Governor of Delta State,Emmanuel Uduaghan,Q5373354,2007-05-29,2015-05-29,male,1954-10-22,,Emmanuel Ewatan Uduaghan.jpg,Emmanuel Uduaghan
Governor of Delta State,Arthur Ifeanyi Okowa,Q4799876,2015-05-29,,male,1959-07-08,,,Ifeanyi Okowa
Governor of Ebonyi State,Sam Egwu,Q3510864,1999-05-29,2007-05-29,male,1954-06-20,,,Sam Egwu
Governor of Ebonyi State,Martin Elechi,Q3510875,2007-05-29,2015-05-29,male,,,,Martin Elechi
Governor of Ebonyi State,Dave Umahi,Q20982222,2015-05-29,,male,1964-01-01,,Dave Umahi.jpg,Dave Umahi
Governor of Edo State,Lucky Igbinedion,Q3510810,1999-05-29,2007-05-29,male,1955-05-13,,,Lucky Igbinedion
Governor of Edo State,Oserheimen Osunbor,Q7106495,2007-05-29,2008-11-11,male,1951-10-05,,Prof. Oserheimen Osunbor.jpg,Oserheimen Osunbor
Governor of Edo State,Adams Oshiomhole,Q11282486,2008-11-12,2016-11-12,male,1953-04-04,,AdamsOshiomhole.jpg,Adams Oshiomhole
Governor of Edo State,Godwin Obaseki,Q24049118,2016-11-12,,male,1959-07-01,,Obaseki.jpg,Godwin Obaseki
Governor of Ekiti State,Niyi Adebayo,Q13140763,1999-05-29,2003-05-29,male,1958,,,Niyi Adebayo
Governor of Ekiti State,Ayo Fayose,Q3510701,2003-05-29,2006-10-16,male,1960-11-15,,,Ayo Fayose
Governor of Ekiti State,Friday Aderemi,Q96756420,2006-10-17,2006-10-18,male,,2014,,
Governor of Ekiti State,Tunji Olurin,Q10969003,2006-10-18,2007-04-27,male,1944-12-03,2021-08-21,,Tunji Olurin
Governor of Ekiti State,Tope Ademiluyi,Q7824801,2007-04-27,2007-05-29,male,1965-08-23,,,Tope Ademiluyi
Governor of Ekiti State,Olusegun Oni,Q7088862,2007-05-29,2010-10-15,male,1954-09-05,,,Olusegun Oni
Governor of Ekiti State,Kayode Fayemi,Q6380660,2010-10-15,2014-10-16,male,1965-02-09,,,Kayode Fayemi
Governor of Ekiti State,Ayo Fayose,Q3510701,2014-10-16,2018-10-16,male,1960-11-15,,,Ayo Fayose
Governor of Ekiti State,Kayode Fayemi,Q6380660,2018-10-16,,male,1965-02-09,,,Kayode Fayemi
Governor of Enugu State,Chimaroke Nnamani,Q3510881,1999-05-29,2007-05-29,male,1960-05-30,,Senator Chimaroke Nnamani 1.jpg,Chimaroke Nnamani
Governor of Enugu State,Sullivan Chime,Q3510905,2007-05-29,2015-05-29,male,1959-04-10,,,Sullivan Chime
Governor of Enugu State,Ifeanyi Ugwuanyi,Q20982221,2015-05-29,,male,1964-03,,,Ifeanyi Ugwuanyi
Governor of Gombe State,Abubakar Habu Hashidu,Q4670489,1999-05-29,2003-05-29,male,1944-04-10,2018-07-27,,Abubakar Habu Hashidu
Governor of Gombe State,Mohammed Danjuma Goje,Q3510706,2003-05-29,2011-05,male,1952-10-10,,,Mohammed Danjuma Goje
Governor of Gombe State,Ibrahim Hassan Dankwambo,Q3511510,2011-05,2019-05-29,male,1962-04-04,,,Ibrahim Hassan Dankwambo
Governor of Gombe State,Muhammad Inuwa Yahaya,Q62326774,2019-05-29,,male,1961-10-09,,Yahaya inuwa.jpg,Muhammad Inuwa Yahaya
Governor of Imo State,Achike Udenwa,Q3510857,1999-05-29,2007-05-29,male,1948,,Achike Udenwa.jpg,Achike Udenwa
Governor of Imo State,Ikedi Ohakim,Q3510911,2007-05-29,2011-05-29,male,1957-08-04,,Ikedi Ohakim.jpg,Ikedi Ohakim
Governor of Imo State,Rochas Okorocha,Q13140832,2011-05-29,2019-05-29,male,1962-09-22,,Governor Rochas Okorocha (cropped).jpg,Rochas Okorocha
Governor of Imo State,Emeka Ihedioha,Q5116057,2019-05-29,2020-01-15,male,1965-03-24,,Rt. Hon. Emeka Ihedioha (cropped).png,Emeka Ihedioha
Governor of Imo State,Hope Uzodinma,Q5899569,2020-01-15,,male,1958-12-12,,Hope Uzodinma portrait.jpg,Hope Uzodinma
Governor of Jigawa State,Ibrahim Saminu Turaki,Q3509330,1999-05-29,2007-05-29,male,1963-07-14,,,Ibrahim Saminu Turaki
Governor of Jigawa State,Sule Lamido,Q3041557,2007-05-29,2015-05-29,male,1948-08-30,,,Sule Lamido
Governor of Jigawa State,Badaru Abubakar,Q20090052,2015-05-29,,male,1962-09-29,,,Mohammed Badaru Abubakar
Governor of Kaduna State,Ahmed Makarfi,Q339008,1999-05-29,2007-05-29,male,1956-08-08,,,Ahmed Makarfi
Governor of Kaduna State,Namadi Sambo,Q2993602,2007-05-29,2010-05-19,male,1954-08-02,,Namadi Sambo.jpg,Namadi Sambo
Governor of Kaduna State,Patrick Ibrahim Yakowa,Q3369538,2010-05-20,2012-12-15,male,1948-12-01,2012-12-15,A Bust of Patrick Yakowa.jpg,Patrick Ibrahim Yakowa
Governor of Kaduna State,Mukhtar Ramalan Yero,Q6933504,2012-12-15,2015-05-29,male,1968-05-01,,,Mukhtar Ramalan Yero
Governor of Kaduna State,Nasir Ahmad el-Rufai,Q6082944,2015-05-29,,male,1960-02-16,,,Nasir Ahmad el-Rufai
Governor of Kano State,Rabiu Kwankwaso,Q3509922,1999-05,2003-05,male,1956-10-21,,Dr Rabiu Musa Kwankwaso.jpg,Rabiu Kwankwaso
Governor of Kano State,Ibrahim Shekarau,Q82535,2003-05,2011-05,male,1955-11-05,,Shekarau and Magaji.jpg,Ibrahim Shekarau
Governor of Kano State,Rabiu Kwankwaso,Q3509922,2011-05,2015-05,male,1956-10-21,,Dr Rabiu Musa Kwankwaso.jpg,Rabiu Kwankwaso
Governor of Kano State,Abdullahi Umar Ganduje,Q18719262,2015-05,,male,1949-12-25,,Gwaggo and Ganduje.jpg,Abdullahi Umar Ganduje
Governor of Katsina State,Umaru Musa Yar'Adua,Q104705,1999-05-29,2007-05-29,male,1951-08-16,2010-05-05,Umaruyaradua07052007.jpg,Umaru Musa Yar'Adua
Governor of Katsina State,Ibrahim Shehu Shema,Q5984734,2007-05-29,2015-05-29,male,1952-09-22,,Ogd.jpg,Ibrahim Shema
Governor of Katsina State,Aminu Bello Masari,Q18098561,2015-05-29,,male,1950-05,,Aminu B Masari.jpg,Aminu Bello Masari
Governor of Kebbi State,Adamu Aliero,Q3510712,1999-05-29,2007-05-29,male,1957-01-01,,,Adamu Aliero
Governor of Kebbi State,Usman Saidu Nasamu Dakingari,Q7902060,2007-05-29,2015-05-29,male,1959-09-13,,,Usman Saidu Nasamu Dakingari
Governor of Kebbi State,Aminu Musa Habib Jega,Q96942943,2012-02-24,2012-05-25,male,,,,
Governor of Kebbi State,Abubakar Atiku Bagudu,Q10998235,2015-05-29,,male,1961-12-26,,,Abubakar Atiku Bagudu
Governor of Kogi State,Abubakar Audu,Q3510732,1999-05-29,2003-05-29,male,1947-10-24,2015-11-22,,Abubakar Audu
Governor of Kogi State,Ibrahim Idris,Q3510788,2003-05-29,2008-02-06,male,1949-04-06,,,Ibrahim Idris
Governor of Kogi State,Clarence Olafemi,Q5126681,2008-02-06,2008-03-29,male,,,,Clarence Olafemi
Governor of Kogi State,Ibrahim Idris,Q3510788,2008-03-29,2011-01,male,1949-04-06,,,Ibrahim Idris
Governor of Kogi State,Idris Wada,Q22331789,2012-01,2016-01,male,1950-08-24,,,Idris Wada
Governor of Kogi State,Yahaya Adoza Bello,Q22295109,2016-01-27,,male,1975-06-18,,YahayaBello.jpg,Yahaya Bello
Governor of Kwara State,Mohammed Lawal,Q6893184,1999-05-29,2003-05-29,male,1946,2006-11-15,,Mohammed Lawal
Governor of Kwara State,Bukola Saraki,Q4986999,2003-05-29,2011-05-29,male,1962-12-19,,"Bukola Saraki, October 2017 (cropped).jpg",Bukola Saraki
Governor of Kwara State,Abdulfatah Ahmed,Q4665831,2011-05-29,2019-05-29,male,1963-12-29,,,Abdulfatah Ahmed
Governor of Kwara State,AbdulRahman AbdulRasaq,Q62059854,2019-05-29,,male,1960-02-05,,,AbdulRahman AbdulRazaq
Governor of Nasarawa State,Abdullahi Adamu,Q4666120,1999-05-29,2007-05-29,male,1946-07-23,,Abdullahi Adamu.jpg,Abdullahi Adamu
Governor of Nasarawa State,Aliyu Doma,Q4727551,2007-05-29,2011-05,male,1942-09-01,2018-03-06,,Aliyu Doma
Governor of Nasarawa State,Umaru Tanko Al-Makura,Q7881179,2011-05,2019-05-29,male,1952,,,Umaru Tanko Al-Makura
Governor of Nasarawa State,Abdullahi Sule,Q62036561,2019-05-29,,male,1950,,,Abdullahi Sule
Governor of Niger State,Abdulkadir Kure,Q4665860,1999-05-29,2007-05-29,male,1956-02-26,2017-01-08,,Abdulkadir Kure
Governor of Niger State,Mu'azu Babangida Aliyu,Q5024129,2007-05-29,2015-05-29,male,1955-11-12,,,Mu'azu Babangida Aliyu
Governor of Niger State,Abubakar Sani Bello,Q19668818,2015-05-29,,male,1967-12-17,,,Abubakar Sani Bello
Governor of Ogun State,Olusegun Osoba,Q7088864,1999-05-29,2003-05-29,male,1939-07-15,,Osoba Olusegun.jpg,Olusegun Osoba
Governor of Ogun State,Gbenga Daniel,Q11058541,2003-05-29,2011-05,male,1956-04-06,,Dinner night.jpg,Gbenga Daniel
Governor of Ogun State,Ibikunle Amosun,Q5984059,2011-05-29,2019-05-29,male,1958-01-25,,Senator Kunle.jpg,Ibikunle Amosun
Governor of Ogun State,Dapo Abiodun,Q61594908,2019-05-29,,male,1960-05-29,,Dapo Abiodun.jpg,Dapo Abiodun
Governor of Ondo State,Adebayo Adefarati,Q3511666,1999-05,2003-05,male,1931-02-14,2007-03-29,,Adebayo Adefarati
Governor of Ondo State,Olusegun Agagu,Q7088858,2003-05,2009-02,male,1948-02-16,2013-09-13,,Olusegun Agagu
Governor of Ondo State,Olusegun Mimiko,Q7088860,2009-02,2017-02,male,1954-10-03,,Mimiko Closeup.jpg,Olusegun Mimiko
Governor of Ondo State,Oluwarotimi Odunayo Akeredolu,Q6725311,2017-02,,male,1956-07-21,,Oluwarotimi Akeredolu.jpg,Rotimi Akeredolu
Governor of Osun State,Adebisi Akande,Q4681477,1999-05-29,2003-05-29,male,1939-01-23,,Chief A B Akande.jpg,Adebisi Akande
Governor of Osun State,Olagunsoye Oyinlola,Q7083033,2003-05-29,2010-11-26,male,1951-02-03,,Fani-kayode.jpg,Olagunsoye Oyinlola
Governor of Osun State,Rauf Aregbesola,Q7296120,2010-11-26,2018-11-26,male,1957-05-25,,Rauf Aregbesola.jpg,Rauf Aregbesola
Governor of Osun State,Adegboyega Oyetola,Q57585749,2018-11-26,,male,1954-09-29,,,Gboyega Oyetola
Governor of Oyo State,Lam Adesina,Q38969,1999-05-29,2003-05-28,male,1939-01-20,2012-11-11,,Lam Adesina
Governor of Oyo State,Rashidi Adewolu Ladoja,Q7294952,2003-05-29,2006-01-12,male,1944-09-25,,,Rasheed Ladoja
Governor of Oyo State,Christopher Alao-Akala,Q5111837,2006-01-12,2006-12-07,male,1950-06-03,2022-01-12,,Christopher Alao-Akala
Governor of Oyo State,Rashidi Adewolu Ladoja,Q7294952,2006-12-07,2007-05-28,male,1944-09-25,,,Rasheed Ladoja
Governor of Oyo State,Christopher Alao-Akala,Q5111837,2007-05-29,2011-05-29,male,1950-06-03,2022-01-12,,Christopher Alao-Akala
Governor of Oyo State,Abiola Ajimobi,Q4667894,2011-05-29,2019-05-29,male,1949-12-16,2020-06-25,,Abiola Ajimobi
Governor of Oyo State,Oluwaseyi Makinde,Q17486606,2019-05-29,,male,1967-12-25,,Oluseyi Makinde.png,Seyi Makinde
Governor of Plateau State,Joshua Dariye,Q6289751,1999-05-29,2004-05-18,male,1957-07-27,,,Joshua Dariye
Governor of Plateau State,Chris Alli,Q5105721,2004-05-18,2004-11-18,male,1944-12,,,Chris Alli
Governor of Plateau State,Joshua Dariye,Q6289751,2004-11-18,2006-11-13,male,1957-07-27,,,Joshua Dariye
Governor of Plateau State,Michael Botmang,Q6828741,2006-11-13,2007-04-27,male,1938,2014-01-18,,Michael Botmang
Governor of Plateau State,Joshua Dariye,Q6289751,2007-04-27,2007-05-29,male,1957-07-27,,,Joshua Dariye
Governor of Plateau State,Jonah David Jang,Q6271867,2007-05-29,2015-05-29,male,1944-03-13,,,Jonah David Jang
Governor of Plateau State,Simon Bako Lalong,Q25038599,2015-05-29,,male,1963-05-05,,,Simon Lalong
Governor of Rivers State,Peter Odili,Q3510771,1999-05-29,2007-05-29,male,1948-08-15,,,Peter Odili
Governor of Rivers State,Celestine Omehia,Q13140616,2007-05-29,2007-10-26,male,1959-09-15,,,Celestine Omehia
Governor of Rivers State,Rotimi Amaechi,Q7370548,2007-10-26,2015-05-29,male,1965-05-27,,Chibuike Amaechi (cropped).jpg,Rotimi Amaechi
Governor of Rivers State,Ezenwo Nyesom Wike,Q18354468,2015-05-29,,male,1967-08-24,,,Ezenwo Nyesom Wike
Governor of Sokoto State,Attahiru  Dalhatu Bafarawa,Q4818065,1999-05-29,2007-05-29,male,1954-10-04,,,Attahiru Bafarawa
Governor of Sokoto State,Aliyu Magatakarda Wamakko,Q4727555,2007-05-29,2008-04-11,male,1953-03-01,,,Aliyu Magatakarda Wamakko
Governor of Sokoto State,Abdullahi Balarabe Salame,Q4666128,2008-04-11,2008-05-28,male,1961-03-05,,,Abdullahi Balarabe Salame
Governor of Sokoto State,Aliyu Magatakarda Wamakko,Q4727555,2008-05-28,2015-05-28,male,1953-03-01,,,Aliyu Magatakarda Wamakko
Governor of Sokoto State,Aminu Waziri Tambuwal,Q4746479,2015-05,,male,1966-01-10,,Aminu Waziri Tambuwal (cropped).jpg,Aminu Tambuwal
Governor of Taraba State,Jolly Nyame,Q6270108,1999-05-29,2007-05-29,male,1955-12-25,,,Jolly Nyame
Governor of Taraba State,Danbaba Suntai,Q5214942,2007-05-09,2012-10,male,1961-06-30,2017-06-28,,Danbaba Suntai
Governor of Taraba State,Garba Umar,Q35539970,2012-10,2013,male,,,,
Governor of Taraba State,Abubakar Sani Danladi,Q96973629,2013,2015-05-29,male,,,,
Governor of Taraba State,Darius Ishaku,Q24565884,2015-05-29,,male,1954-07-30,,,Darius Dickson Ishaku
Governor of Yobe State,Bukar Ibrahim,Q4986810,1999-05-29,2007-05-29,male,1950-10,,,Bukar Ibrahim
Governor of Yobe State,Mamman Bello Ali,Q6745774,2007-05-29,2009-01-27,male,1958,2009-01-27,Senator Mamman B- Ali 2014-01-21 00-09.jpg,Mamman Bello Ali
Governor of Yobe State,Ibrahim Gaidam,Q5984545,2009-01-27,2019-05-29,male,1956-09-15,,,Ibrahim Gaidam
Governor of Yobe State,Mai Mala Buni,Q62695804,2019-05-29,,male,1967-11-11,,,Mai Mala Buni
Governor of Zamfara State,Ahmad Sani Yerima,Q3510720,1999-05-29,2007-05-29,male,1960-07-22,,,Ahmad Sani Yerima
Governor of Zamfara State,Mahmud Shinkafi,Q6734515,2007-05-29,2011-05-29,male,1958,,,
Governor of Zamfara State,Abdul'aziz Abubakar Yari,Q4665219,2011-05-29,2019-05-29,male,1968-01-28,,,Abdul'aziz Abubakar Yari
Governor of Zamfara State,Bello Matawalle,Q64736713,2019-05-29,,male,1969-02-12,,,Bello Matawalle
Deputy Governor of Abia State,Ude Oko Chukwu,Q21173950,2015,,male,1962-01-01,,Ude Oko Chukwu.jpg,Ude Oko Chukwu
Deputy Governor of Adamawa State,Crowther Seth,Q64738590,2019,,male,,,,Crowther Seth
Deputy Governor of Akwa Ibom State,Moses Ekpo,Q29857076,2015,,male,,,,Moses Ekpo
Deputy Governor of Anambra State,Nkem Okeke,Q27967798,2018,,male,,,,Nkem Okeke
Deputy Governor of Bauchi State,Baba Tela,Q16886055,2019,,male,,,,Baba Tela
Deputy Governor of Bayelsa State,Lawrence Ewhrudjakpo,Q86071960,2020,,male,1965-09-05,,,Lawrence Ewhrudjakpo
Deputy Governor of Benue State,Benson Abounu,Q19870558,2015,,male,1949-07-03,,,Benson Abounu
Deputy Governor of Borno State,Umar Usman Kadafur,Q64747648,2019,,male,1976-05-31,,,Umar Usman Kadafur
Deputy Governor of Cross River State,Ivara Esu,Q64744038,2015-05-29,,male,1951,,,Ivara Esu
Deputy Governor of Delta State,Kingsley Otuaro,Q64745088,2015,,male,1968-04-16,,,Kingsley Otuaro
Deputy Governor of Ebonyi State,Eric Kelechi Igwe,Q64853177,2015,,male,,,,Eric Kelechi Igwe
Deputy Governor of Edo State,Philip Shaibu,Q28606434,2016-11-12,,male,1969-12-01,,,Philip Shaibu
Deputy Governor of Ekiti State,Bisi Egbeyemi,Q97467151,2018,,male,1944-05-08,,,Bisi Egbeyemi
Deputy Governor of Enugu State,Cecilia Ezeilo,Q65050810,2015,,female,1967,,,Cecilia Ezeilo
Deputy Governor of Gombe State,Manasseh Daniel Jatau,Q64853275,2019,,male,1955,,,Manasseh Daniel Jatau
Deputy Governor of Imo State,Placid Njoku,Q106754948,2020,,male,1947-02-10,,Placid Njoku.jpg,Placid Njoku
Deputy Governor of Jigawa State,Umar Namadi,Q106774462,2015-05-29,,male,1964-04-01,,,Umar Namadi
Deputy Governor of Kaduna State,Hadiza Sabuwa Balarabe,Q63032066,2015,,female,,,,Hadiza Sabuwa Balarabe
Deputy Governor of Kano State,Nasir Yusuf Gawuna,Q104704580,2015,,male,1967-08-06,,,Nasir Yusuf Gawuna
Deputy Governor of Katsina State,Mannir Yakubu,Q84306008,2015,,male,1954-08-15,,,Mannir Yakubu
Deputy Governor of Kebbi State,Samaila Yombe Dabai,Q111080889,2015,,,,,,
Deputy Governor of Kogi State,Edward David Onoja,Q80868413,2016,,male,1974-08-09,,,Edward David Onoja
Deputy Governor of Kwara State,Kayode Alibi,Q111080888,2019,,,,,,
Deputy Governor of Lagos State,Femi Hamzat,Q16195565,2019,,male,1964-09-19,,Femi Hamzat at the Lagos Hackathon 2020 03.jpg,Femi Hamzat
Deputy Governor of Nasarawa State,Labaran Maku,Q17541403,2003-05,2007-05,male,1962-01-01,,,Labaran Maku
Deputy Governor of Nasarawa State,Emmanuel Agbadu Akabe,Q111080260,2019,,,,,,
Deputy Governor of Niger State,Ahmed Muhammad Ketso,Q64009713,2015,,male,1956,,,Ahmed Muhammad Ketso
Deputy Governor of Ogun State,Noimot Salako-Oyedele,Q96619780,2019,,female,1966,,,Noimot Salako-Oyedele
Deputy Governor of Ondo State,Lucky aiyedatiwa,Q105725595,2017,,male,1965-01-12,,,Lucky Aiyedatiwa
Deputy Governor of Osun State,Gboyega Alabi,Q111080887,2018,,,,,,
Deputy Governor of Oyo State,Rauf Aderemi Olaniyan,Q111080886,2019,,,,,,
Deputy Governor of Plateau State,Sonni Gwanle Tyoden,Q18379330,2015,,male,1950-09-22,,,Sonni Gwanle Tyoden
Deputy Governor of Rivers State,Tele Ikuru,Q19958159,2007-05-29,2007-10-25,male,1966-02-24,,"Engr- Tele Ikuru, Deputy Governor of Rivers State 2014-04-06 14-04.jpg",Tele Ikuru
Deputy Governor of Rivers State,Tele Ikuru,Q19958159,2007-10-26,2015-05-29,male,1966-02-24,,"Engr- Tele Ikuru, Deputy Governor of Rivers State 2014-04-06 14-04.jpg",Tele Ikuru
Deputy Governor of Rivers State,Ipalibo Banigo,Q18719291,2015-05-29,,female,1952-12-20,,,Ipalibo Banigo
Deputy Governor of Sokoto State,Alhaji Mannir DanIya,Q111080884,2015,,,,,,
Deputy Governor of Taraba State,Haruna Manu,Q101438711,2015,,male,1973-08-23,,,Haruna Manu
Deputy Governor of Yobe State,Idi Barade Gubana,Q111080881,2019,,,,,,
Deputy Governor of Zamfara State,Hassan Muhammed Gusau,Q5679766,2019,,male,1960-12-12,,,Hassan Muhammed Gusau
ambassador to Burundi,Elijah Chinezim Onyeagba,Q107011803,2021-04-28,,male,1977-09-02,,,
Permanent Representative to the United Nations,Martin Ihoeghian Uhomoibhi,Q6775749,2007,2014,male,1954-11-03,,"Martin Uhomoibhi, Permanent Secretary in Ecuador.jpg",Martin Ihoeghian Uhomoibhi
Permanent Representative to the United Nations,Joy Ogwu,Q3187207,2008-05-07,2017-05,female,1946-08-23,,,Joy Ogwu
Permanent Representative to the United Nations,Tijjani Muhammad-Bande,Q30558371,2017-05,,male,1957-12-07,,Tijjani Muhammad-Bande (48791461812) (cropped).jpg,Tijjani Muhammad-Bande
ambassador of Nigeria,Kema Chikwe,Q6386808,2009,,female,1951-09-14,,Kema chikwe.jpg,Kema Chikwe
ambassador of Nigeria,Fidelia Njeze,Q5446753,2012-09-04,,female,1964-06-08,,,Fidelia Njeze
